valence,target,acousticness,danceability,energy,instrumentalness,loudness,tempo
0.286,1,0.0102,0.833,0.434,0.0219,-8.795,150.062
0.588,1,0.199,0.743,0.359,0.00611,-10.401,160.083
0.173,1,0.0344,0.838,0.412,0.000234,-7.148,75.044
0.23,1,0.604,0.494,0.338,0.51,-15.236,86.468
0.904,1,0.18,0.678,0.561,0.512,-11.648,174.004
0.264,1,0.00479,0.804,0.56,0.0,-6.682,85.023
0.308,1,0.0145,0.739,0.472,7.27e-06,-11.204,80.03
0.393,1,0.0202,0.266,0.348,0.664,-11.609,144.154
0.398,1,0.0481,0.603,0.944,0.0,-3.626,130.035
0.386,1,0.00208,0.836,0.603,0.0,-7.792,99.994
0.524,1,0.0572,0.525,0.855,0.0143,-7.372,111.951
0.642,1,0.0915,0.753,0.748,0.00348,-8.62,104.322
0.381,1,0.253,0.603,0.434,0.0619,-11.062,127.681
0.367,1,0.366,0.762,0.476,0.0,-12.686,130.007
0.351,1,0.44,0.662,0.603,0.0,-8.317,125.011
0.317,1,0.019,0.637,0.832,0.0563,-6.637,99.988
0.773,1,0.0239,0.603,0.955,0.0451,-4.111,123.922
0.842,1,0.233,0.789,0.659,0.00049,-12.654,122.415
0.783,1,0.314,0.713,0.611,0.0,-6.702,140.061
0.763,1,0.0242,0.735,0.759,0.185,-6.914,109.982
0.471,1,0.000702,0.854,0.719,0.308,-9.335,128.049
0.77,1,0.00024,0.747,0.74,0.369,-4.134,130.031
0.441,1,0.118,0.854,0.401,0.0,-8.553,139.922
0.364,1,0.000596,0.224,0.925,1.35e-06,-1.71,138.022
0.401,1,0.279,0.512,0.564,1.54e-05,-5.892,94.498
0.795,1,0.00219,0.781,0.795,0.269,-6.758,109.977
0.598,1,0.341,0.411,0.684,1.42e-06,-6.889,110.016
0.32,1,0.018,0.646,0.837,0.0403,-6.615,100.04
0.237,1,0.0516,0.782,0.572,0.0,-7.467,120.021
0.326,1,0.282,0.735,0.4,0.125,-12.766,129.004
0.137,1,0.00791,0.45,0.449,0.0,-12.037,135.45
0.27,1,0.0219,0.897,0.642,1.31e-06,-8.828,127.984
0.424,1,0.0358,0.959,0.598,0.0,-5.534,127.029
0.429,1,0.0324,0.742,0.559,0.0,-5.876,146.923
0.683,1,0.118,0.805,0.687,0.0,-7.771,119.999
0.372,1,0.0428,0.667,0.581,0.0,-5.164,110.953
0.855,1,0.297,0.722,0.823,0.0,-3.916,148.23
0.677,1,0.0565,0.853,0.547,0.0,-7.535,142.065
0.571,1,0.0128,0.747,0.705,0.0,-5.137,136.024
0.848,1,0.135,0.777,0.591,5.5e-05,-7.431,124.111
0.622,1,0.00041,0.731,0.852,0.625,-6.08,125.008
0.069,1,0.00356,0.76,0.402,0.0,-8.751,147.028
0.318,1,0.00156,0.624,0.792,1.54e-06,-5.33,139.94
0.0891,1,0.00243,0.621,0.683,0.00856,-5.619,124.283
0.624,1,0.533,0.64,0.819,0.0,-4.108,166.012
0.607,1,0.00631,0.715,0.833,0.0,-5.379,95.487
0.947,1,0.00182,0.7,0.756,0.711,-10.714,114.28
0.832,1,0.0923,0.789,0.494,0.000408,-13.702,104.593
0.973,1,0.375,0.796,0.86,0.00457,-6.202,129.008
0.93,1,0.183,0.716,0.957,0.058,-4.814,106.714
0.852,1,0.0185,0.74,0.846,0.0624,-6.039,95.995
0.745,1,0.0638,0.7,0.84,0.112,-6.227,132.475
0.532,1,0.456,0.514,0.453,0.000181,-7.062,75.548
0.186,1,0.128,0.313,0.77,0.0787,-7.265,74.749
0.301,1,0.246,0.676,0.528,0.0,-8.699,130.073
0.486,1,0.12,0.532,0.596,0.0,-9.912,119.296
0.176,1,0.00426,0.646,0.629,0.277,-10.775,109.013
0.0359,1,0.193,0.598,0.252,0.138,-15.086,120.06
0.599,1,0.0174,0.754,0.442,9.4e-05,-8.873,148.04
0.136,1,0.000392,0.294,0.786,0.865,-3.626,81.108
0.328,1,0.435,0.622,0.253,0.471,-14.36,92.584
0.671,1,0.257,0.559,0.656,0.000171,-8.699,79.638
0.87,1,0.000145,0.54,0.945,0.753,-6.64,92.995
0.887,1,0.273,0.793,0.7,0.0,-6.641,140.058
0.785,1,0.374,0.549,0.715,3.5e-06,-11.164,82.118
0.259,1,0.00266,0.557,0.607,0.771,-10.088,73.061
0.361,1,0.000546,0.597,0.444,0.051,-8.39,120.074
0.277,1,0.00781,0.879,0.512,1.45e-05,-7.83,127.95
0.472,1,0.125,0.726,0.497,0.89,-10.742,125.004
0.251,1,0.00158,0.857,0.831,0.0,-4.664,106.059
0.797,1,0.0132,0.807,0.778,0.666,-5.485,120.001
0.197,1,0.783,0.596,0.639,0.569,-6.546,124.012
0.967,1,0.518,0.683,0.708,2.08e-05,-6.852,106.446
0.887,1,0.0548,0.768,0.853,0.13,-5.915,107.234
0.936,1,0.727,0.506,0.948,0.0,-5.626,130.195
0.297,1,0.000313,0.457,0.918,0.000215,-5.295,105.018
0.324,1,0.34,0.468,0.58,0.821,-8.131,76.27
0.549,1,0.47,0.537,0.447,1.86e-05,-8.261,84.362
0.194,1,0.855,0.515,0.217,0.463,-13.382,80.015
0.174,1,0.00502,0.429,0.725,1.54e-05,-6.156,82.925
0.733,1,0.555,0.791,0.58,0.00155,-8.377,81.678
0.403,1,0.186,0.711,0.705,0.0,-6.248,144.053
0.921,1,0.0249,0.683,0.824,0.627,-8.569,154.008
0.46,1,0.0108,0.309,0.325,0.854,-16.4,175.88
0.761,1,0.193,0.867,0.733,0.000219,-7.54,97.835
0.853,1,0.0192,0.619,0.734,0.263,-9.366,106.034
0.868,1,0.00776,0.898,0.5,0.292,-11.089,122.281
0.76,1,0.17,0.589,0.745,0.000406,-8.109,99.407
0.958,1,0.0221,0.606,0.668,1.65e-05,-9.168,158.859
0.68,1,0.0397,0.786,0.547,0.272,-11.416,92.603
0.72,1,0.0213,0.734,0.548,0.0,-9.682,128.289
0.399,1,0.0454,0.812,0.676,0.0,-4.502,114.047
0.249,1,0.00672,0.876,0.606,1.06e-05,-5.471,127.975
0.566,1,0.00488,0.601,0.873,0.0365,-5.866,124.997
0.533,1,0.00419,0.748,0.741,0.0,-3.103,128.077
0.601,1,0.17,0.615,0.814,0.0,-3.903,144.005
0.833,1,0.0604,0.799,0.789,0.0,-8.208,116.081
0.689,1,0.0571,0.398,0.776,0.0172,-7.388,110.815
0.649,1,0.716,0.685,0.423,0.518,-9.031,138.034
0.463,1,0.0151,0.706,0.581,0.0,-6.492,134.009
0.805,1,0.228,0.63,0.98,0.00661,-4.914,108.009
0.267,1,0.017,0.57,0.736,5.74e-05,-5.822,99.86
0.943,1,0.247,0.525,0.643,0.0,-6.874,199.727
0.46,1,0.123,0.698,0.793,0.0,-5.332,129.948
0.347,1,0.00705,0.763,0.773,0.032,-4.722,130.025
0.814,1,0.181,0.511,0.769,0.0,-7.032,129.657
0.855,1,0.378,0.506,0.813,0.0293,-5.78,108.212
0.521,1,0.677,0.513,0.494,6.43e-05,-5.072,135.894
0.587,1,0.488,0.251,0.868,7.34e-06,-2.685,177.125
0.842,1,0.487,0.559,0.633,0.0,-3.265,72.496
0.632,1,0.7,0.431,0.678,6.37e-06,-7.945,135.919
0.93,1,0.403,0.683,0.71,0.0,-7.445,128.181
0.967,1,0.656,0.78,0.599,0.0,-10.251,121.198
0.354,1,0.00904,0.614,0.907,0.000131,-2.536,122.906
0.657,1,0.141,0.661,0.531,0.0,-10.113,93.287
0.489,1,0.119,0.564,0.594,0.0,-9.912,89.394
0.168,1,0.0659,0.751,0.597,0.0,-6.59,123.997
0.564,1,0.00257,0.896,0.623,0.000258,-8.008,134.962
0.601,1,0.00256,0.618,0.717,0.0,-5.738,190.05
0.808,1,0.0244,0.746,0.873,0.0,-3.803,148.075
0.221,1,0.013,0.888,0.483,4.85e-06,-7.797,125.008
0.138,1,0.0127,0.443,0.645,0.952,-6.24,128.044
0.472,1,0.00943,0.507,0.934,0.0018,-2.325,175.954
0.612,1,0.000758,0.695,0.912,0.000103,-3.331,160.043
0.748,1,0.674,0.462,0.449,0.000632,-9.271,209.686
0.299,1,0.0161,0.526,0.712,0.0,-6.525,105.009
0.886,1,0.107,0.645,0.924,0.0266,-7.697,90.852
0.204,1,0.0134,0.405,0.647,7.62e-05,-6.109,131.952
0.886,1,0.0219,0.735,0.641,0.89,-6.177,105.993
0.216,1,0.0452,0.746,0.416,7.77e-05,-6.607,132.036
0.187,1,0.0551,0.547,0.643,0.0,-8.904,143.064
0.659,1,0.0224,0.634,0.609,0.0,-8.982,83.021
0.16,1,0.244,0.607,0.488,0.000177,-8.704,77.021
0.694,1,0.0668,0.704,0.647,1.93e-06,-7.874,92.002
0.492,1,7.19e-05,0.558,0.642,0.00746,-5.206,99.977
0.786,1,0.0227,0.698,0.804,0.0599,-6.616,92.001
0.564,1,0.103,0.772,0.582,6.61e-05,-5.96,172.03
0.678,1,0.0956,0.788,0.864,0.0,-5.767,133.295
0.891,1,0.00919,0.944,0.839,0.0,-4.141,136.019
0.853,1,0.354,0.729,0.795,0.0,-4.579,146.747
0.578,1,0.00469,0.721,0.621,0.0103,-4.378,159.967
0.482,1,0.00102,0.798,0.751,3.22e-06,-6.335,162.003
0.365,1,0.0512,0.851,0.387,0.0,-13.584,116.629
0.654,1,0.0252,0.34,0.805,0.0,-3.397,167.922
0.779,1,0.221,0.767,0.891,0.0723,-6.426,122.026
0.592,1,0.937,0.772,0.635,0.018,-8.412,168.039
0.682,1,2.13e-05,0.259,0.847,0.823,-6.298,150.162
0.324,1,0.284,0.633,0.77,0.0,-6.954,149.97
0.111,1,0.0962,0.654,0.292,0.0031,-12.977,153.547
0.48,1,0.334,0.726,0.583,0.00135,-6.434,140.943
0.433,1,0.0648,0.855,0.638,0.0,-4.968,122.967
0.349,1,0.185,0.704,0.431,0.0972,-7.893,146.003
0.197,1,0.689,0.658,0.179,0.0,-10.866,128.128
0.593,1,0.000472,0.502,0.833,0.043,-4.982,142.053
0.314,1,0.00157,0.79,0.676,0.0,-6.432,132.002
0.863,1,0.0233,0.738,0.849,0.0317,-6.246,95.987
0.201,1,0.00212,0.777,0.739,0.868,-9.089,119.992
0.581,1,0.0734,0.791,0.779,0.0,-5.972,110.037
0.16,1,0.19,0.735,0.41,0.0,-8.735,114.812
0.516,1,0.188,0.556,0.582,0.911,-10.65,131.023
0.462,1,0.461,0.427,0.465,5.52e-05,-6.595,112.137
0.767,1,0.0111,0.563,0.81,2.71e-05,-9.158,99.996
0.445,1,0.0496,0.753,0.708,0.0123,-7.217,115.004
0.961,1,0.149,0.785,0.764,0.813,-5.245,93.984
0.211,1,0.0682,0.557,0.608,0.0263,-7.657,109.67
0.311,1,0.489,0.594,0.42,0.00452,-8.467,140.04
0.752,1,0.000259,0.644,0.758,0.0708,-7.859,108.99
0.804,1,0.217,0.704,0.657,0.000118,-7.172,150.058
0.337,1,0.0472,0.849,0.408,0.0,-8.67,99.876
0.618,1,0.228,0.628,0.568,0.0183,-10.695,191.404
0.512,1,0.00689,0.717,0.862,0.0,-4.736,130.021
0.326,1,0.0109,0.584,0.68,1.03e-06,-4.685,104.89
0.207,1,0.0246,0.586,0.806,0.000167,-9.542,110.325
0.559,1,0.00399,0.648,0.85,0.294,-6.277,112.014
0.421,1,0.037,0.807,0.785,0.000763,-7.928,124.051
0.381,1,0.0789,0.577,0.941,0.207,-4.338,99.995
0.325,1,0.141,0.5,0.593,6.21e-06,-4.34,68.456
0.966,1,0.108,0.804,0.708,0.0636,-5.099,141.996
0.867,1,0.0108,0.787,0.658,0.0152,-5.379,110.983
0.189,1,0.0107,0.246,0.784,5.71e-06,-5.004,153.027
0.678,1,0.0107,0.882,0.743,0.00152,-6.972,123.97
0.86,1,0.0315,0.628,0.824,0.543,-7.983,122.01
0.674,1,0.00807,0.451,0.79,0.0,-4.261,127.142
0.264,1,0.64,0.518,0.385,0.000536,-11.125,100.878
0.768,1,0.0414,0.774,0.901,4.84e-06,-5.398,128.024
0.496,1,0.0127,0.547,0.635,5.01e-06,-5.569,113.678
0.603,1,0.0585,0.552,0.878,0.892,-5.767,176.057
0.389,1,0.00856,0.542,0.946,5.38e-06,-6.307,108.496
0.337,1,0.019,0.695,0.94,0.8,-2.935,100.262
0.357,1,0.0488,0.633,0.492,0.00047,-7.672,114.845
0.308,1,0.365,0.312,0.445,0.0038,-7.202,97.967
0.22,1,0.17,0.43,0.436,0.0,-4.816,90.053
0.181,1,0.0346,0.19,0.908,0.0369,-4.679,148.951
0.122,1,0.0361,0.312,0.907,0.618,-6.571,120.286
0.249,1,0.00818,0.539,0.582,0.0717,-7.414,95.07
0.816,1,0.613,0.698,0.878,1.61e-05,-0.307,182.126
0.745,1,0.00275,0.476,0.818,0.757,-7.933,159.089
0.792,1,0.064,0.568,0.936,0.00099,-6.365,150.067
0.214,1,0.00192,0.558,0.74,8.97e-06,-6.22,118.293
0.893,1,0.0212,0.604,0.894,0.0,-5.0,145.014
0.898,1,0.0516,0.718,0.921,0.0473,-3.978,121.922
0.438,1,0.0855,0.737,0.545,9.32e-05,-8.536,140.086
0.948,1,0.0293,0.769,0.712,2.12e-06,-4.692,120.975
0.354,1,0.00731,0.567,0.506,0.205,-8.742,116.392
0.448,1,0.000467,0.817,0.588,1.51e-06,-6.603,119.934
0.496,1,0.0411,0.767,0.912,0.402,-1.157,144.084
0.678,1,0.000195,0.77,0.895,0.897,-8.102,120.986
0.973,1,0.827,0.712,0.77,0.548,-13.187,106.963
0.385,1,0.39,0.706,0.577,0.692,-6.226,96.056
0.426,1,0.00471,0.542,0.799,0.0161,-3.641,92.215
0.782,1,0.827,0.583,0.776,3.81e-05,-5.293,126.536
0.93,1,0.0628,0.727,0.548,0.526,-7.393,107.826
0.209,1,0.00919,0.45,0.782,0.101,-6.769,173.954
0.468,1,0.0027,0.602,0.764,0.0053,-4.897,105.997
0.372,1,0.385,0.415,0.681,0.0,-4.104,171.893
0.584,1,0.0304,0.614,0.838,0.000297,-6.896,127.971
0.606,1,0.105,0.901,0.744,7.79e-06,-3.484,135.95
0.64,1,0.359,0.7,0.986,0.0221,-4.403,123.033
0.422,1,0.119,0.583,0.843,0.0,-7.416,108.066
0.193,1,0.0112,0.6,0.586,0.535,-9.414,129.952
0.318,1,0.251,0.786,0.706,0.213,-6.212,120.011
0.396,1,0.0696,0.512,0.821,0.33,-7.442,149.988
0.96,1,0.403,0.791,0.664,0.0,-5.713,149.939
0.196,1,0.849,0.533,0.213,0.565,-13.437,80.004
0.648,1,0.0862,0.731,0.75,0.000388,-10.457,135.406
0.499,1,0.000156,0.853,0.532,0.88,-13.443,99.989
0.567,1,0.0398,0.674,0.501,0.000123,-12.907,107.363
0.13,1,0.0448,0.788,0.617,0.0,-4.516,122.065
0.946,1,0.000686,0.745,0.857,0.2,-5.754,115.945
0.288,1,0.0107,0.621,0.796,0.187,-6.179,140.012
0.895,1,0.377,0.818,0.528,0.0,-10.666,120.368
0.91,1,0.0988,0.856,0.874,0.000472,-8.037,122.416
0.944,1,0.0913,0.614,0.857,0.0,-8.85,85.125
0.23,1,0.0778,0.729,0.527,0.0,-6.338,126.012
0.416,1,0.0608,0.42,0.776,0.0107,-8.827,114.217
0.952,1,0.011,0.757,0.578,0.00672,-3.886,102.96
0.299,1,0.0249,0.618,0.538,1.37e-05,-5.828,79.925
0.266,1,0.642,0.657,0.393,4.03e-05,-7.667,99.946
0.797,1,0.538,0.879,0.495,0.000333,-10.584,102.652
0.172,1,0.0172,0.496,0.54,0.0367,-7.121,131.337
0.748,1,0.0639,0.742,0.945,0.165,-6.445,112.977
0.884,1,0.245,0.623,0.65,0.000913,-7.953,116.74
0.0793,1,0.00101,0.736,0.68,0.897,-7.036,120.995
0.539,1,0.254,0.482,0.96,2.43e-06,-5.269,113.263
0.317,1,0.0117,0.683,0.86,0.000379,-7.317,143.311
0.436,1,0.0626,0.697,0.655,0.774,-9.781,86.969
0.104,1,0.479,0.631,0.626,0.0,-7.747,107.007
0.56,1,0.0957,0.747,0.722,0.000519,-7.33,100.215
0.709,1,0.251,0.569,0.74,2.68e-06,-6.235,180.559
0.807,1,0.029,0.674,0.832,5.56e-06,-3.593,102.833
0.452,1,0.00744,0.578,0.947,0.0816,-2.431,134.034
0.276,1,0.449,0.586,0.658,0.368,-9.71,144.933
0.307,1,0.275,0.756,0.44,0.0,-9.973,112.14
0.867,1,0.212,0.723,0.687,5.83e-05,-7.019,95.237
0.371,1,0.0559,0.599,0.645,0.108,-6.098,141.209
0.771,1,0.00333,0.586,0.671,0.916,-9.787,91.412
0.824,1,0.0332,0.749,0.802,0.0499,-6.159,106.077
0.822,1,0.539,0.689,0.83,0.0,-8.774,140.732
0.151,1,0.0257,0.283,0.331,0.00489,-7.459,101.797
0.601,1,0.0193,0.413,0.676,0.0,-7.639,71.607
0.552,1,0.0181,0.932,0.819,6.81e-06,-3.484,119.941
0.273,1,0.0062,0.748,0.733,0.0,-4.421,93.019
0.272,1,0.108,0.53,0.433,0.0,-10.598,160.14
0.804,1,0.196,0.388,0.688,0.00883,-8.407,170.678
0.558,1,0.667,0.371,0.703,0.00186,-7.358,120.599
0.704,1,0.124,0.875,0.532,0.0123,-13.265,116.556
0.496,1,0.074,0.523,0.722,0.00336,-6.533,129.424
0.111,1,0.0962,0.654,0.292,0.0031,-12.977,153.547
0.624,1,0.455,0.847,0.654,0.0622,-6.443,119.998
0.43,1,0.015,0.836,0.537,0.00103,-9.854,160.188
0.542,1,0.172,0.413,0.555,0.000309,-9.699,121.976
0.554,1,0.123,0.473,0.865,0.968,-6.391,100.018
0.0844,1,0.00593,0.609,0.641,0.585,-5.309,84.957
0.189,1,0.174,0.544,0.427,0.0248,-8.33,139.939
0.0647,1,0.0059,0.379,0.674,1.04e-05,-5.762,99.797
0.239,1,0.000304,0.316,0.748,0.0139,-8.187,79.337
0.729,1,0.29,0.857,0.484,3.04e-06,-6.232,107.434
0.399,1,0.00412,0.389,0.884,0.172,-4.602,128.604
0.222,1,0.00492,0.519,0.793,0.93,-9.83,164.032
0.0635,1,0.384,0.478,0.6,0.808,-11.025,143.98
0.808,1,0.00978,0.706,0.643,0.00955,-9.357,160.026
0.761,1,0.0621,0.736,0.539,0.0312,-8.316,147.73
0.738,1,0.081,0.651,0.77,6.54e-05,-8.08,112.923
0.244,1,0.0269,0.869,0.658,0.299,-5.025,109.998
0.517,1,0.428,0.624,0.852,0.656,-10.184,135.223
0.254,1,0.699,0.386,0.509,0.872,-12.745,129.982
0.365,1,0.22,0.234,0.747,0.000176,-3.332,81.805
0.769,1,0.516,0.525,0.797,5e-06,-11.168,100.518
0.264,1,0.00564,0.521,0.888,0.0226,-5.197,81.971
0.668,1,0.504,0.719,0.697,0.0,-5.647,117.123
0.69,1,0.825,0.722,0.605,0.0178,-6.07,165.998
0.131,1,0.0453,0.806,0.696,5.71e-06,-5.109,127.023
0.475,1,0.259,0.763,0.491,0.902,-8.587,93.024
0.601,1,0.00403,0.736,0.68,5.49e-06,-6.438,149.902
0.731,1,0.0141,0.651,0.824,6.02e-06,-9.368,141.226
0.522,1,0.127,0.479,0.609,0.0,-8.678,107.699
0.339,1,0.379,0.535,0.374,0.0464,-8.83,121.93
0.116,1,0.0861,0.356,0.567,0.0,-7.011,135.553
0.967,1,0.26,0.753,0.9,0.000102,-1.866,119.72
0.549,1,0.032,0.694,0.789,0.00129,-5.201,109.014
0.803,1,0.0356,0.483,0.804,1.6e-06,-3.452,73.048
0.138,1,0.0453,0.878,0.43,0.751,-8.445,119.999
0.815,1,0.19,0.703,0.412,5.26e-06,-9.827,152.219
0.708,1,0.407,0.688,0.488,0.0,-14.195,69.77
0.0933,1,0.854,0.316,0.308,0.888,-15.944,103.459
0.191,1,0.153,0.725,0.918,0.0328,-4.912,125.009
0.587,1,0.321,0.749,0.422,0.155,-11.004,98.82
0.281,1,0.00079,0.771,0.248,0.1,-20.815,139.937
0.693,1,0.0259,0.69,0.548,0.00243,-9.587,121.509
0.464,1,0.058,0.648,0.887,0.0,-4.536,102.128
0.734,1,0.0498,0.403,0.742,0.0,-5.889,90.336
0.527,1,0.0803,0.664,0.727,0.000253,-8.738,77.92
0.408,1,0.118,0.704,0.894,0.000115,-7.415,98.946
0.824,1,0.00189,0.554,0.749,0.39,-7.365,168.045
0.585,1,0.0174,0.446,0.752,0.0,-6.088,96.318
0.373,1,0.124,0.612,0.628,0.85,-7.82,172.176
0.42,1,0.00838,0.587,0.866,3.55e-05,-6.444,107.986
0.628,1,0.429,0.551,0.952,0.000686,-4.886,136.958
0.561,1,0.419,0.331,0.957,0.0,-6.101,143.299
0.949,1,0.106,0.912,0.317,0.000208,-12.719,99.346
0.311,1,0.0211,0.697,0.905,0.893,-7.787,119.977
0.964,1,0.00799,0.883,0.333,0.804,-17.848,121.099
0.657,1,0.00236,0.733,0.87,0.00102,-6.199,118.449
0.726,1,0.0602,0.803,0.579,0.000627,-11.156,108.567
0.712,1,0.219,0.698,0.515,0.0,-13.029,85.023
0.742,1,0.0138,0.677,0.905,0.0,-4.597,89.988
0.176,1,0.0169,0.648,0.862,0.0,-4.527,127.857
0.193,1,0.315,0.65,0.448,0.0,-9.979,85.045
0.356,1,0.518,0.672,0.527,0.26,-12.702,87.996
0.357,1,0.0567,0.838,0.537,0.799,-11.689,121.986
0.965,1,0.0286,0.76,0.391,0.00691,-8.73,116.873
0.408,1,0.00909,0.646,0.621,0.000124,-11.358,90.986
0.458,1,0.0445,0.808,0.687,0.3,-8.668,109.953
0.159,1,0.119,0.716,0.647,1.38e-05,-4.008,131.04
0.825,1,0.0111,0.846,0.501,0.00257,-6.076,118.001
0.584,1,0.388,0.704,0.942,0.0147,-5.115,131.69
0.463,1,2.84e-06,0.305,0.827,0.00245,-5.789,159.882
0.972,1,0.0115,0.82,0.616,0.445,-8.427,127.86
0.322,1,0.136,0.185,0.89,0.0,-4.182,163.315
0.634,1,0.00328,0.562,0.801,0.0,-3.069,169.988
0.782,1,0.376,0.565,0.86,0.000121,-5.449,95.019
0.627,1,0.196,0.464,0.772,0.0088,-5.046,107.651
0.57,1,0.248,0.576,0.602,0.000609,-6.591,141.345
0.641,1,0.0686,0.388,0.598,0.0,-9.485,154.78
0.931,1,0.602,0.637,0.498,0.119,-9.367,92.227
0.444,1,0.0893,0.636,0.72,0.0178,-6.195,124.944
0.757,1,0.000141,0.688,0.587,0.92,-8.521,125.012
0.401,1,0.0469,0.766,0.82,0.0,-5.851,117.012
0.706,1,0.133,0.402,0.794,0.0,-3.982,195.058
0.44,1,0.157,0.599,0.524,0.0,-8.036,83.013
0.407,1,0.371,0.837,0.492,0.0401,-7.792,85.951
0.451,1,0.0124,0.612,0.858,0.0,-5.437,145.306
0.142,1,0.19,0.63,0.671,0.753,-7.727,96.478
0.477,1,0.0953,0.614,0.858,0.0559,-7.068,164.025
0.503,1,0.27,0.446,0.89,0.661,-7.974,170.002
0.852,1,0.0846,0.481,0.851,0.907,-4.528,174.144
0.696,1,0.00855,0.293,0.792,0.0111,-3.747,161.933
0.261,1,0.128,0.889,0.597,0.0004,-7.301,119.999
0.457,1,0.088,0.673,0.857,0.0108,-7.493,109.99
0.368,1,0.0406,0.536,0.922,8.92e-05,-6.247,121.977
0.718,1,0.0377,0.575,0.691,0.563,-7.595,131.588
0.538,1,0.021,0.571,0.719,0.0,-7.206,80.694
0.79,1,0.0466,0.784,0.803,1.57e-05,-3.458,111.044
0.836,1,0.16,0.746,0.682,0.0,-6.353,98.977
0.294,1,0.00266,0.444,0.498,0.0299,-7.631,119.914
0.512,1,0.0833,0.736,0.882,0.000349,-4.285,126.012
0.113,1,0.445,0.915,0.54,3.63e-05,-6.578,100.039
0.504,1,0.304,0.75,0.835,0.0,-7.882,127.026
0.602,1,0.109,0.632,0.519,0.0,-7.207,99.999
0.287,1,0.0152,0.814,0.83,0.36,-5.766,124.998
0.642,1,0.273,0.893,0.378,0.0,-7.324,119.969
0.207,1,0.0146,0.823,0.768,1.03e-06,-6.21,115.021
0.553,1,0.0573,0.639,0.749,0.0294,-5.916,84.452
0.107,1,0.726,0.49,0.376,2.54e-05,-13.463,182.969
0.366,1,0.0487,0.289,0.523,0.000293,-9.531,145.556
0.664,1,0.111,0.615,0.781,0.0,-4.838,105.967
0.752,1,0.0207,0.808,0.41,0.364,-12.428,122.663
0.961,1,0.102,0.775,0.528,0.582,-7.756,94.967
0.474,1,0.00757,0.393,0.838,0.145,-3.815,142.019
0.118,1,0.01,0.449,0.416,0.122,-5.571,140.804
0.131,1,2.24e-05,0.595,0.549,0.835,-10.41,122.199
0.904,1,0.038,0.728,0.62,0.0,-7.533,81.998
0.654,1,0.765,0.561,0.896,0.685,-4.903,86.808
0.218,1,0.775,0.758,0.343,0.0,-9.044,99.995
0.872,1,0.000429,0.782,0.938,0.121,-8.692,118.086
0.45,1,0.323,0.839,0.48,0.0505,-12.223,120.973
0.0795,1,0.0301,0.226,0.261,0.0677,-11.276,108.915
0.369,1,0.268,0.763,0.623,4.37e-06,-6.128,115.032
0.593,1,0.0626,0.858,0.717,0.243,-8.734,120.004
0.403,1,0.000239,0.329,0.814,0.0944,-6.005,120.462
0.381,1,0.317,0.727,0.599,0.0,-6.941,167.909
0.683,1,0.00605,0.318,0.975,0.832,-4.211,174.205
0.938,1,0.0818,0.61,0.791,0.0,-10.918,85.338
0.935,1,0.0021,0.646,0.892,0.00626,-5.015,119.998
0.373,1,0.016,0.79,0.616,0.13,-7.081,111.038
0.193,1,0.0385,0.484,0.492,0.66,-9.297,76.467
0.626,1,0.304,0.785,0.573,0.403,-9.082,126.465
0.398,1,0.113,0.715,0.64,0.0418,-7.168,113.507
0.752,1,0.0414,0.811,0.635,0.142,-8.394,137.595
0.854,1,0.704,0.597,0.721,0.0119,-9.433,110.761
0.0768,1,0.785,0.6,0.413,0.0289,-9.572,93.618
0.72,1,0.629,0.811,0.461,1.4e-05,-10.829,75.286
0.355,1,0.0167,0.797,0.961,0.919,-8.083,128.015
0.956,1,0.391,0.799,0.657,3.16e-06,-5.293,141.655
0.719,1,0.0301,0.769,0.514,0.016,-14.157,119.674
0.939,1,0.27,0.865,0.896,0.0488,-7.031,111.457
0.919,1,0.107,0.826,0.751,7.71e-05,-9.621,105.909
0.271,1,0.96,0.508,0.325,0.00259,-11.627,92.187
0.845,1,0.124,0.85,0.818,0.00135,-8.623,105.266
0.84,1,0.0245,0.819,0.684,0.358,-6.97,130.268
0.847,1,0.0194,0.896,0.482,0.033,-8.35,112.0
0.173,1,0.0129,0.401,0.661,7.72e-05,-6.111,107.998
0.711,1,0.0106,0.346,0.808,0.685,-5.791,219.331
0.483,1,0.115,0.697,0.529,0.901,-8.838,155.974
0.136,1,0.195,0.605,0.732,0.0135,-5.643,195.978
0.334,1,0.034,0.691,0.71,0.00225,-6.351,118.006
0.0576,1,0.0079,0.428,0.74,0.935,-10.026,134.981
0.319,1,0.00525,0.555,0.612,0.0,-7.841,100.036
0.191,1,0.482,0.732,0.468,0.809,-13.662,118.994
0.512,1,0.0124,0.633,0.926,0.689,-4.056,152.032
0.199,1,0.000199,0.284,0.961,0.0,-3.993,186.287
0.261,1,0.119,0.68,0.489,2.86e-05,-7.837,74.04
0.959,1,0.0463,0.578,0.825,0.0201,-4.659,113.907
0.568,1,0.0602,0.658,0.835,0.00781,-7.165,124.654
0.52,1,0.00914,0.385,0.902,0.522,-5.464,159.939
0.469,1,0.0555,0.735,0.798,0.0627,-6.175,113.997
0.675,1,0.132,0.635,0.766,0.0,-6.449,93.603
0.291,1,0.0101,0.569,0.857,0.0145,-5.571,104.981
0.138,1,0.000613,0.469,0.823,0.000829,-3.948,122.316
0.207,1,0.0571,0.502,0.632,0.054,-9.971,82.738
0.383,1,0.0212,0.597,0.798,0.473,-5.307,99.999
0.551,1,0.459,0.673,0.764,0.000237,-5.482,182.13
0.17,1,0.198,0.507,0.739,0.865,-9.728,87.569
0.331,1,0.0198,0.517,0.491,1.31e-06,-13.742,104.996
0.592,1,0.00417,0.356,0.872,0.00975,-7.837,166.3
0.6,1,0.00529,0.563,0.924,0.883,-3.909,94.057
0.697,1,0.0039,0.567,0.876,0.0,-4.573,114.902
0.455,1,0.00501,0.633,0.884,1.93e-05,-4.158,111.98
0.091,1,0.929,0.445,0.461,0.167,-11.488,119.951
0.295,1,0.00145,0.575,0.625,0.0,-5.296,111.984
0.442,1,0.369,0.662,0.571,0.000197,-7.382,152.009
0.769,1,0.00096,0.573,0.946,0.00191,-5.065,151.817
0.367,1,0.0244,0.605,0.755,0.586,-5.169,122.3
0.337,1,0.00632,0.374,0.937,0.0207,-3.882,149.812
0.897,1,0.158,0.714,0.924,1.29e-05,-2.91,77.516
0.135,1,0.00441,0.207,0.878,0.421,-7.212,89.969
0.556,1,0.0729,0.589,0.938,0.942,-10.475,120.007
0.144,1,0.652,0.36,0.362,0.000128,-7.102,116.846
0.238,1,0.00091,0.516,0.66,0.0,-5.002,112.065
0.67,1,0.126,0.579,0.767,3.28e-05,-3.713,144.001
0.346,1,0.0184,0.845,0.59,0.00581,-8.225,126.024
0.452,1,0.0914,0.568,0.662,0.459,-10.651,173.937
0.698,1,0.154,0.716,0.724,0.000309,-8.06,137.131
0.717,1,0.386,0.791,0.729,0.0126,-9.856,108.274
0.639,1,0.00983,0.795,0.578,0.743,-8.507,127.014
0.722,1,0.00215,0.584,0.761,0.0217,-5.056,122.494
0.677,1,0.676,0.679,0.709,0.0,-5.851,84.543
0.957,1,0.0693,0.646,0.947,0.0,-2.762,164.111
0.646,1,0.0961,0.704,0.49,0.000114,-6.667,155.909
0.786,1,0.00254,0.812,0.554,0.698,-10.978,123.289
0.992,1,0.394,0.76,0.971,0.775,-4.582,125.439
0.531,1,2.15e-05,0.657,0.699,0.153,-4.718,123.017
0.861,1,0.185,0.731,0.812,0.154,-6.691,91.96
0.753,1,0.00649,0.805,0.596,0.00772,-6.007,81.004
0.54,1,0.00947,0.718,0.844,0.711,-8.045,94.988
0.891,1,0.0507,0.597,0.746,0.000198,-7.991,172.215
0.779,1,0.738,0.698,0.923,8.21e-06,-5.382,95.009
0.718,1,0.000419,0.823,0.811,0.0745,-6.158,104.63
0.769,1,0.00176,0.819,0.777,0.0931,-7.734,104.651
0.684,1,0.02,0.671,0.781,0.0,-5.363,134.02
0.885,1,0.00402,0.872,0.565,0.237,-10.236,125.992
0.584,1,0.00241,0.85,0.664,0.0672,-9.141,126.018
0.144,1,0.652,0.36,0.362,0.000128,-7.102,116.845
0.616,1,0.196,0.76,0.76,0.00185,-5.964,111.01
0.644,1,0.0305,0.874,0.492,0.0,-4.898,64.992
0.12,1,0.0229,0.527,0.871,0.155,-8.708,120.722
0.947,1,0.000963,0.767,0.712,0.00275,-7.28,125.025
0.709,1,0.233,0.328,0.827,0.00517,-2.545,103.127
0.484,1,0.0175,0.702,0.773,0.00165,-3.741,100.006
0.243,1,0.00314,0.654,0.734,0.000249,-6.216,126.995
0.404,1,0.0369,0.448,0.733,0.0425,-6.238,142.008
0.262,1,0.0152,0.542,0.854,0.0,-5.041,128.041
0.226,1,0.00206,0.469,0.821,0.00914,-5.055,173.964
0.82,1,0.429,0.857,0.889,5.21e-06,-4.382,103.072
0.327,1,0.000407,0.796,0.774,0.812,-4.833,124.989
0.294,1,0.0401,0.67,0.897,0.0021,-5.19,127.994
0.288,1,0.000299,0.697,0.68,0.00674,-6.847,98.002
0.0459,1,0.0193,0.352,0.807,6.04e-06,-7.781,90.772
0.0397,1,0.122,0.687,0.799,0.0011,-9.181,128.001
0.955,1,0.0998,0.666,0.811,0.0614,-5.079,124.954
0.627,1,0.0285,0.764,0.768,0.0235,-5.614,125.988
0.793,1,0.0132,0.677,0.86,0.0119,-5.074,121.989
0.491,1,0.275,0.735,0.801,0.0,-5.067,123.094
0.411,1,0.000483,0.286,0.694,0.00252,-7.481,169.904
0.36,1,0.00138,0.881,0.564,0.0,-5.239,100.032
0.681,1,0.0086,0.246,0.843,0.241,-10.022,80.047
0.707,1,0.000248,0.515,0.876,0.156,-5.448,105.128
0.968,1,0.0227,0.816,0.894,7.23e-05,-9.243,99.995
0.923,1,0.00569,0.715,0.518,0.772,-11.0,129.87
0.688,1,0.0365,0.829,0.637,0.0233,-9.481,120.761
0.463,1,0.289,0.444,0.978,0.778,-6.238,125.371
0.153,1,0.232,0.612,0.725,0.011,-5.775,195.972
0.343,1,0.0989,0.7,0.718,0.0609,-5.882,81.997
0.557,1,0.000869,0.754,0.877,0.0,-3.486,132.033
0.262,1,0.148,0.327,0.654,0.00442,-6.258,102.532
0.173,1,0.0173,0.646,0.778,0.0,-7.44,127.813
0.726,1,0.00991,0.486,0.526,0.158,-9.041,75.461
0.137,1,0.473,0.551,0.504,0.664,-11.166,115.998
0.207,1,0.0246,0.586,0.806,0.000167,-9.542,110.325
0.896,1,0.00909,0.694,0.716,0.000814,-7.468,121.427
0.161,1,0.122,0.817,0.528,0.0,-6.551,100.997
0.233,1,0.0764,0.611,0.677,0.0698,-6.745,166.04
0.794,1,0.419,0.727,0.657,0.0,-5.307,82.553
0.295,1,0.229,0.485,0.793,0.784,-8.693,131.951
0.524,1,0.0413,0.52,0.872,0.725,-8.104,111.958
0.244,1,0.000105,0.399,0.761,0.0456,-6.318,140.084
0.902,1,0.52,0.582,0.903,0.779,-4.505,119.457
0.648,1,0.0833,0.852,0.523,0.0,-6.716,130.154
0.847,1,0.0156,0.623,0.806,0.0769,-8.533,130.049
0.747,1,0.145,0.844,0.688,0.00351,-8.594,96.671
0.508,1,0.0275,0.684,0.603,0.000311,-8.127,81.0
0.228,1,0.000103,0.498,0.553,0.528,-6.193,111.015
0.0778,1,0.0329,0.162,0.254,0.122,-11.251,108.943
0.545,1,0.0842,0.671,0.784,0.0121,-5.514,122.995
0.677,1,0.597,0.792,0.387,0.000106,-8.192,136.996
0.376,1,0.0801,0.417,0.944,0.00141,-5.192,109.721
0.374,1,0.0726,0.739,0.526,0.0,-7.384,143.948
0.62,1,0.203,0.791,0.916,0.0,-2.009,103.709
0.964,1,0.00341,0.491,0.935,0.348,-4.22,157.993
0.162,1,0.0581,0.748,0.586,0.0,-2.554,140.067
0.604,1,7.79e-05,0.351,0.931,0.129,-5.746,126.394
0.579,1,0.001,0.48,0.964,0.000273,-3.681,98.496
0.68,1,3.41e-05,0.123,0.963,0.0329,-4.182,198.04
0.405,1,0.00814,0.401,0.972,0.878,-2.236,152.839
0.499,1,0.00023,0.228,0.886,0.848,-3.87,165.201
0.0451,1,0.0214,0.465,0.633,0.79,-9.493,130.074
0.0759,1,0.11,0.438,0.539,0.0,-9.578,166.649
0.351,1,0.0036,0.396,0.601,0.531,-9.347,129.996
0.52,1,0.000183,0.596,0.628,0.00767,-7.582,139.965
0.547,1,0.000964,0.276,0.766,0.858,-6.012,158.188
0.506,1,0.104,0.241,0.588,0.00042,-6.914,171.882
0.269,1,0.000341,0.821,0.902,0.909,-7.203,112.98
0.0745,1,0.854,0.354,0.228,0.8,-10.304,82.758
0.915,1,0.0372,0.638,0.897,0.00748,-5.78,133.948
0.711,1,0.0101,0.651,0.642,0.000186,-4.276,88.237
0.223,1,0.0543,0.625,0.576,4.07e-05,-5.693,179.063
0.752,1,0.169,0.759,0.772,0.0687,-8.052,89.245
0.494,1,0.0175,0.726,0.664,0.0,-6.275,75.571
0.322,1,0.8,0.611,0.9,0.872,-10.026,129.729
0.619,1,0.0845,0.865,0.549,0.158,-10.083,142.8
0.314,1,0.00135,0.794,0.481,0.883,-11.97,114.003
0.726,1,0.0193,0.614,0.677,0.518,-8.317,126.477
0.431,1,0.0113,0.535,0.857,0.00751,-5.2,91.053
0.813,1,0.453,0.815,0.672,0.0,-5.675,151.362
0.685,1,0.00104,0.595,0.794,0.00733,-5.186,131.619
0.962,1,4.06e-05,0.683,0.698,0.000113,-6.255,125.999
0.606,1,0.0829,0.722,0.619,0.0,-8.324,140.031
0.886,1,0.0985,0.647,0.841,0.0,-2.507,139.963
0.48,1,0.000455,0.428,0.972,0.000854,-4.329,133.064
0.184,1,9.19e-06,0.325,0.918,0.000288,-4.823,95.537
0.891,1,0.074,0.912,0.781,0.762,-7.018,119.978
0.218,1,0.0324,0.771,0.416,0.0,-8.188,131.952
0.315,1,0.00069,0.759,0.764,0.719,-7.416,117.996
0.675,1,0.135,0.691,0.737,0.0291,-5.758,108.049
0.739,1,0.139,0.701,0.822,0.0526,-6.13,129.03
0.144,1,0.263,0.736,0.58,0.663,-9.643,140.04
0.582,1,0.131,0.564,0.912,8.05e-06,-4.718,92.054
0.568,1,0.164,0.824,0.513,0.0,-9.591,99.938
0.822,1,0.0451,0.406,0.74,0.722,-7.232,92.333
0.781,1,0.116,0.762,0.883,0.0,-4.397,140.974
0.62,1,0.078,0.54,0.77,0.0,-7.748,99.882
0.306,1,0.109,0.834,0.481,0.822,-9.511,121.999
0.824,1,0.00855,0.714,0.905,2.55e-05,-2.663,125.927
0.664,1,0.0015,0.36,0.774,0.807,-8.758,80.205
0.405,1,0.018,0.609,0.798,8.68e-06,-4.448,130.034
0.18,1,0.0047,0.777,0.688,0.69,-8.692,126.019
0.196,1,0.135,0.749,0.647,0.0,-6.878,146.024
0.331,1,0.0202,0.67,0.544,0.00792,-9.643,140.037
0.245,1,0.00627,0.684,0.637,0.0,-6.378,140.063
0.761,1,0.151,0.633,0.85,0.0,-5.915,97.933
0.14,1,0.049,0.594,0.77,0.9,-7.082,125.987
0.293,1,0.0119,0.473,0.794,0.00218,-5.151,139.313
0.865,1,0.00207,0.931,0.606,0.461,-8.366,94.018
0.56,1,0.432,0.744,0.685,0.0,-8.332,87.675
0.611,1,0.0452,0.752,0.783,0.0,-7.507,159.912
0.321,1,0.00469,0.821,0.469,0.0,-7.152,132.002
0.256,1,0.00271,0.908,0.513,0.0,-5.318,130.047
0.471,1,0.0401,0.636,0.702,0.0,-5.437,125.998
0.557,1,0.239,0.839,0.583,0.0,-5.941,87.99
0.498,1,0.0425,0.79,0.531,0.0,-6.968,86.306
0.606,1,0.0596,0.787,0.81,0.125,-7.822,77.505
0.496,1,0.000451,0.603,0.978,0.493,-1.367,150.072
0.592,1,0.00402,0.937,0.67,0.0,-6.149,136.029
0.618,1,0.0912,0.748,0.703,0.0036,-11.869,110.615
0.59,1,0.00741,0.727,0.235,0.0159,-20.263,127.16
0.669,1,0.000117,0.857,0.948,0.816,-6.901,140.002
0.711,1,0.0295,0.793,0.978,0.0331,-9.229,124.922
0.816,1,0.0492,0.738,0.808,0.734,-9.772,120.248
0.883,1,0.00905,0.864,0.86,0.0,-1.92,140.029
0.645,1,0.0234,0.688,0.457,0.0,-9.86,109.278
0.43,1,0.423,0.786,0.525,0.461,-8.271,128.014
0.543,1,0.00201,0.734,0.686,0.11,-9.781,128.021
0.564,1,0.0196,0.765,0.891,0.0145,-6.43,126.99
0.72,1,0.00263,0.725,0.798,2.14e-06,-6.75,124.045
0.361,1,0.014,0.962,0.592,0.642,-11.716,130.684
0.832,1,0.00167,0.845,0.455,5.97e-05,-5.209,119.987
0.298,1,0.000321,0.5,0.95,0.0293,-4.333,120.038
0.851,1,0.0537,0.648,0.547,0.0439,-6.547,141.378
0.721,1,0.00576,0.77,0.69,0.0107,-4.903,118.989
0.397,1,3.13e-05,0.61,0.907,0.698,-5.857,112.007
0.396,1,0.00318,0.663,0.877,0.00217,-3.37,135.989
0.356,1,0.000548,0.831,0.373,0.000362,-6.896,96.115
0.493,1,0.0482,0.653,0.817,0.0,-5.077,135.345
0.555,1,8.34e-05,0.72,0.748,0.0,-7.607,182.064
0.88,1,0.769,0.808,0.593,2.07e-06,-9.395,89.876
0.64,1,0.0302,0.798,0.481,0.0,-10.488,127.136
0.747,1,0.00706,0.586,0.915,0.236,-6.264,117.99
0.425,1,0.15,0.695,0.615,0.000212,-5.325,124.015
0.13,1,0.00749,0.587,0.784,0.0126,-4.878,139.99
0.819,1,0.0765,0.675,0.862,0.000609,-5.309,124.982
0.302,1,0.116,0.671,0.73,0.000356,-6.773,112.011
0.393,1,0.00221,0.632,0.793,0.0,-4.171,189.992
0.223,1,0.0106,0.774,0.92,0.433,-4.213,128.97
0.695,1,0.0415,0.941,0.685,0.0,-5.24,97.524
0.865,1,0.0426,0.794,0.811,1.07e-06,-8.966,116.047
0.76,1,0.0436,0.805,0.634,0.0,-7.759,143.944
0.195,1,0.00584,0.394,0.669,0.0,-4.461,169.929
0.345,1,0.0347,0.635,0.459,0.000184,-7.59,114.865
0.163,1,0.00116,0.669,0.765,0.0,-7.885,131.946
0.562,1,0.0637,0.742,0.912,0.0,-1.188,137.975
0.862,1,0.244,0.624,0.752,0.0,-5.43,134.021
0.304,1,0.45,0.622,0.628,0.0,-9.964,144.812
0.357,1,0.121,0.719,0.66,0.0,-8.22,119.996
0.52,1,0.000478,0.525,0.8,0.429,-11.484,80.032
0.791,1,0.14,0.525,0.538,0.117,-9.366,175.953
0.166,1,0.000373,0.472,0.855,0.93,-6.937,154.908
0.566,1,0.00417,0.9,0.929,2.04e-05,-0.718,129.991
0.407,1,0.000839,0.802,0.586,0.0212,-6.245,128.011
0.156,1,0.000423,0.723,0.669,0.936,-5.026,126.013
0.958,1,0.284,0.797,0.508,0.00859,-8.154,118.032
0.457,1,0.00255,0.869,0.426,0.534,-8.187,127.059
0.0681,1,0.0302,0.756,0.595,1.98e-06,-6.924,130.031
0.91,1,0.0267,0.821,0.793,1.37e-05,-9.003,116.009
0.436,1,0.000891,0.806,0.772,0.864,-14.369,125.325
0.794,1,0.152,0.702,0.504,5.11e-06,-16.794,121.374
0.229,1,0.0956,0.646,0.929,1.12e-06,-1.501,128.995
0.516,1,0.000736,0.491,0.883,3.19e-05,-4.986,131.75
0.511,1,0.028,0.291,0.901,0.627,-2.327,150.052
0.667,1,0.274,0.683,0.776,0.0748,-7.029,126.18
0.378,1,0.00845,0.799,0.605,0.0143,-10.011,194.055
0.658,1,0.00968,0.836,0.817,0.0,-5.672,112.007
0.614,1,0.0613,0.931,0.415,0.0,-8.491,97.995
0.78,1,0.00579,0.683,0.989,0.00108,-2.092,91.558
0.529,1,0.0472,0.379,0.782,0.748,-8.163,101.698
0.372,1,0.000289,0.771,0.949,0.602,-4.712,111.959
0.424,1,0.000183,0.695,0.792,0.439,-4.595,112.008
0.394,1,0.000258,0.375,0.804,0.694,-5.673,154.066
0.0951,1,0.00533,0.421,0.8,0.332,-5.85,189.935
0.823,1,0.0216,0.886,0.474,0.0,-8.045,150.068
0.667,1,0.0597,0.65,0.985,0.325,-3.406,153.009
0.294,1,0.0155,0.76,0.944,0.85,-3.793,123.985
0.846,1,0.0645,0.824,0.883,0.0707,-2.715,127.989
0.222,1,0.0553,0.482,0.72,2.07e-06,-6.812,90.999
0.502,1,0.00778,0.786,0.604,0.0,-8.372,140.054
0.566,1,0.00842,0.853,0.578,0.0,-4.897,98.027
0.821,1,0.315,0.794,0.82,0.0,-5.214,140.042
0.432,1,0.114,0.725,0.661,0.0,-3.903,127.82
0.492,1,0.025,0.854,0.46,0.0,-9.71,97.512
0.766,1,0.436,0.862,0.364,0.0,-9.727,97.51
0.675,1,0.461,0.432,0.703,0.0,-3.845,187.302
0.338,1,0.0235,0.847,0.713,0.0,-3.89,132.063
0.464,1,0.444,0.654,0.794,0.0,-4.307,96.973
0.372,1,0.000134,0.701,0.914,0.000137,-4.463,123.966
0.635,1,0.00264,0.844,0.728,0.865,-6.805,124.297
0.67,1,0.155,0.582,0.884,0.0,-5.635,150.195
0.672,1,0.0352,0.697,0.682,0.0,-9.022,155.742
0.346,1,0.003,0.766,0.453,3.49e-05,-6.651,100.002
0.653,1,0.426,0.872,0.541,0.000789,-5.911,95.971
0.524,1,0.0152,0.621,0.813,0.0,-3.59,141.91
0.508,1,0.311,0.675,0.617,0.0,-7.74,140.124
0.544,1,0.104,0.689,0.879,0.0376,-4.03,170.036
0.231,1,0.011,0.63,0.664,0.082,-7.245,179.955
0.551,1,0.00246,0.514,0.75,0.0285,-7.847,86.018
0.108,1,0.0557,0.599,0.677,0.00018,-6.328,126.012
0.664,1,0.0281,0.64,0.888,8.01e-05,-5.251,87.93
0.609,1,0.475,0.599,0.533,0.00153,-14.032,122.262
0.824,1,0.356,0.667,0.901,0.00393,-3.719,140.026
0.687,1,0.109,0.742,0.77,0.0239,-6.339,96.988
0.444,1,0.0938,0.874,0.704,0.0,-6.27,119.954
0.574,1,0.152,0.726,0.834,0.683,-5.564,130.04
0.308,1,0.0247,0.834,0.732,0.0,-5.121,130.011
0.831,1,0.00469,0.712,0.865,0.0412,-6.411,113.015
0.668,1,0.422,0.422,0.641,0.0,-4.947,187.027
0.418,1,0.268,0.651,0.773,0.0,-6.855,129.882
0.668,1,0.00142,0.728,0.77,0.229,-4.945,108.991
0.363,1,0.0296,0.907,0.643,0.0265,-8.657,124.909
0.525,1,0.00255,0.855,0.898,2.95e-05,-3.863,135.965
0.323,1,0.000901,0.769,0.792,0.0,-4.086,136.021
0.227,1,0.00525,0.7,0.675,0.0,-6.362,124.882
0.424,1,0.0215,0.825,0.489,0.0,-9.32,96.99
0.517,1,0.015,0.607,0.913,0.118,-6.822,124.677
0.657,1,0.0193,0.751,0.882,0.0,-5.605,140.103
0.261,1,0.32,0.723,0.848,0.0,-7.11,116.021
0.728,1,0.00152,0.626,0.888,0.0551,-4.981,126.976
0.398,1,0.00723,0.743,0.633,0.0,-8.224,85.041
0.564,1,0.224,0.752,0.767,0.931,-8.022,117.973
0.661,1,0.000768,0.66,0.763,0.0389,-6.832,137.932
0.395,1,0.00144,0.211,0.963,0.000732,-4.061,128.113
0.428,1,0.0252,0.528,0.514,0.0894,-11.909,122.872
0.274,1,4.91e-05,0.442,0.797,0.293,-7.352,135.018
0.758,1,0.0468,0.876,0.716,0.000482,-6.884,131.942
0.46,1,0.00174,0.67,0.848,0.00168,-5.103,124.029
0.308,1,0.268,0.237,0.89,0.843,-7.445,169.792
0.663,1,0.0438,0.59,0.721,0.0155,-8.32,111.524
0.614,1,0.000334,0.907,0.616,0.425,-7.073,124.036
0.404,1,0.0175,0.764,0.547,0.000161,-8.6,89.993
0.338,1,0.0426,0.667,0.465,0.00649,-8.096,123.883
0.287,1,0.00349,0.772,0.407,2.4e-05,-7.442,100.006
0.166,1,0.717,0.345,0.313,0.000822,-10.098,207.969
0.529,1,0.0151,0.502,0.732,0.000119,-5.45,122.025
0.107,1,0.03,0.35,0.844,0.0,-4.161,114.64
0.821,1,0.344,0.69,0.737,0.0,-4.123,115.02
0.915,1,0.278,0.716,0.568,1.98e-06,-8.904,136.894
0.62,1,0.591,0.624,0.724,7.79e-06,-7.113,78.008
0.574,1,0.189,0.74,0.798,0.00128,-6.55,119.964
0.778,1,0.0543,0.81,0.949,0.957,-8.732,121.971
0.226,1,0.886,0.574,0.324,0.0817,-10.993,91.007
0.31,1,0.076,0.741,0.894,4.89e-05,-5.648,111.969
0.895,1,0.00963,0.667,0.848,0.000213,-6.164,119.975
0.0957,1,0.000195,0.122,0.913,0.713,-5.815,185.906
0.458,1,0.0715,0.869,0.712,0.0,-6.136,120.0
0.291,1,0.0246,0.841,0.733,0.0,-5.077,130.009
0.373,1,0.0116,0.816,0.543,0.0,-6.923,95.04
0.0733,1,0.649,0.288,0.394,0.712,-14.352,151.632
0.039,1,0.0392,0.57,0.742,0.177,-12.475,127.193
0.674,1,0.00626,0.807,0.634,0.0288,-9.035,94.242
0.0933,1,0.0086,0.656,0.787,0.0923,-5.01,94.495
0.338,1,0.0152,0.333,0.789,0.0,-5.784,82.66
0.488,1,0.064,0.652,0.744,2.87e-05,-4.098,123.006
0.66,1,0.000986,0.771,0.857,0.0161,-6.114,108.03
0.0968,1,0.949,0.619,0.324,5.42e-05,-10.146,111.927
0.501,1,0.000483,0.701,0.829,0.00223,-5.749,132.349
0.771,1,0.503,0.683,0.478,5.26e-05,-12.501,115.121
0.559,1,0.364,0.507,0.63,0.0127,-8.746,130.141
0.464,1,0.514,0.529,0.645,0.00821,-8.158,112.575
0.297,1,0.351,0.561,0.329,0.0311,-12.68,105.029
0.341,1,0.000294,0.827,0.462,0.543,-10.673,123.994
0.296,1,0.134,0.359,0.662,0.0,-2.843,152.096
0.398,1,0.00969,0.589,0.621,0.00104,-6.902,140.03
0.199,1,7.59e-05,0.597,0.839,0.825,-6.964,108.993
0.912,1,0.00778,0.677,0.64,0.477,-6.408,110.639
0.508,1,0.0261,0.556,0.722,0.0163,-9.541,130.028
0.261,1,0.0416,0.348,0.856,0.0,-3.216,188.046
0.814,1,0.00207,0.468,0.971,0.00329,-3.382,92.003
0.456,1,0.162,0.529,0.95,0.00199,-3.446,119.964
0.669,1,0.0233,0.824,0.572,8.19e-06,-4.868,153.977
0.176,1,0.37,0.645,0.836,0.0,-7.23,123.966
0.593,1,0.00392,0.683,0.692,0.000441,-7.189,103.848
0.963,1,0.14,0.85,0.534,0.000893,-5.278,98.004
0.314,1,0.0796,0.868,0.627,0.0,-4.843,131.097
0.583,1,0.00135,0.702,0.74,0.896,-5.949,145.05
0.444,1,0.858,0.741,0.449,0.000522,-6.621,95.108
0.696,1,0.464,0.655,0.704,0.877,-10.341,99.96
0.355,1,0.00539,0.749,0.857,0.0,-5.24,111.906
0.391,1,0.00011,0.742,0.965,0.607,-8.291,123.04
0.533,1,0.000595,0.805,0.79,0.889,-7.93,122.994
0.618,1,0.421,0.876,0.675,1.16e-06,-3.28,135.959
0.721,1,0.00767,0.541,0.982,0.000765,-4.908,104.03
0.709,1,0.112,0.857,0.981,0.000157,-4.223,148.009
0.591,1,0.000518,0.771,0.963,0.901,-7.294,124.0
0.948,1,0.0235,0.761,0.478,0.00972,-7.437,118.925
0.713,1,0.00204,0.805,0.879,0.595,-5.747,123.013
0.324,1,0.00118,0.682,0.953,0.622,-3.873,124.996
0.817,1,0.000725,0.801,0.718,0.91,-6.246,123.999
0.615,1,0.00188,0.661,0.837,0.0,-3.78,102.831
0.696,1,0.0454,0.895,0.783,0.0,-4.983,147.65
0.246,1,0.548,0.706,0.707,0.000313,-5.212,144.877
0.58,1,0.15,0.516,0.718,0.0163,-8.571,129.857
0.49,1,0.106,0.653,0.781,0.568,-7.433,101.029
0.497,1,0.763,0.707,0.709,0.0,-3.979,89.094
0.189,1,0.0505,0.794,0.51,1.81e-06,-7.314,167.879
0.282,1,0.394,0.484,0.265,0.0,-11.101,113.564
0.076,1,0.000599,0.487,0.68,0.0339,-8.497,94.46
0.372,1,0.0126,0.6,0.811,0.05,-10.199,100.894
0.182,1,0.713,0.628,0.575,0.00233,-11.591,108.166
0.36,1,0.0323,0.227,0.635,0.125,-9.169,170.179
0.176,1,0.768,0.275,0.216,0.897,-13.818,116.388
0.302,1,0.00416,0.644,0.848,0.0168,-4.952,99.989
0.695,1,0.00692,0.564,0.846,0.00175,-5.897,122.035
0.0576,1,0.712,0.277,0.29,0.0459,-8.541,71.302
0.416,1,0.296,0.609,0.909,0.0785,-7.302,114.019
0.44,1,0.000563,0.417,0.73,3.31e-06,-6.774,81.179
0.503,1,0.36,0.784,0.649,0.000684,-6.905,140.203
0.302,1,0.0674,0.289,0.942,0.917,-3.207,137.281
0.709,1,0.00342,0.313,0.893,0.0,-3.891,127.11
0.17,1,0.000588,0.803,0.769,0.9,-7.025,122.992
0.961,1,0.0421,0.895,0.517,9.72e-06,-9.972,141.536
0.593,1,0.0326,0.598,0.885,0.00265,-3.992,87.914
0.61,1,0.123,0.749,0.855,0.164,-10.105,128.339
0.26,1,0.0625,0.758,0.629,0.000144,-8.283,112.575
0.596,1,0.602,0.746,0.484,0.00824,-9.614,97.923
0.313,1,0.00234,0.191,0.979,0.283,-3.402,179.236
0.369,1,0.0389,0.856,0.719,9.03e-06,-6.519,146.032
0.621,1,0.605,0.583,0.515,0.000691,-9.283,115.732
0.72,1,0.00042,0.22,0.94,0.000541,-2.397,83.072
0.956,1,0.464,0.535,0.91,9.32e-05,-4.827,111.027
0.466,1,0.619,0.722,0.28,0.0786,-13.483,66.711
0.57,1,0.0758,0.747,0.894,0.897,-5.226,90.493
0.573,1,0.565,0.63,0.374,0.00146,-11.305,166.999
0.484,1,0.615,0.508,0.247,0.0352,-15.432,200.749
0.411,1,0.207,0.54,0.21,0.0765,-18.687,103.081
0.0373,1,0.114,0.665,0.513,0.303,-7.314,100.344
0.094,1,0.00884,0.51,0.603,0.286,-6.949,139.876
0.0373,1,0.114,0.665,0.513,0.303,-7.314,100.344
0.188,1,0.000321,0.647,0.793,0.833,-7.416,130.007
0.478,1,0.612,0.649,0.406,0.0,-10.43,110.091
0.836,1,0.172,0.683,0.805,0.000231,-5.24,123.658
0.0638,1,0.99,0.148,0.031,0.595,-25.756,141.84
0.647,1,0.227,0.873,0.504,0.0,-5.39,145.995
0.807,1,0.00497,0.376,0.801,0.149,-10.662,152.826
0.428,1,0.0113,0.523,0.863,0.204,-4.975,124.046
0.523,1,0.0226,0.586,0.892,0.00827,-4.937,132.048
0.94,1,0.666,0.827,0.503,0.443,-11.007,119.35
0.869,1,0.11,0.589,0.616,0.204,-9.475,96.616
0.292,1,0.391,0.702,0.495,0.8,-11.645,78.507
0.358,1,0.0975,0.582,0.875,0.912,-6.912,113.036
0.422,1,0.0169,0.374,0.853,2.72e-05,-3.571,200.035
0.667,1,0.0339,0.422,0.851,0.0,-4.031,93.649
0.243,1,0.127,0.474,0.837,0.0197,-6.503,165.844
0.925,1,0.13,0.61,0.672,0.00283,-7.436,129.986
0.54,1,0.597,0.571,0.836,0.0108,-6.906,93.641
0.68,1,0.0672,0.802,0.872,0.0197,-6.346,117.005
0.16,1,0.218,0.793,0.607,4.95e-06,-6.488,140.992
0.671,1,0.0319,0.846,0.472,0.0398,-9.13,124.984
0.901,1,0.269,0.575,0.641,0.0121,-8.105,91.714
0.507,1,0.000997,0.787,0.916,0.811,-8.542,116.007
0.284,1,0.304,0.614,0.575,0.0116,-5.819,150.009
0.304,1,0.103,0.835,0.481,0.81,-9.606,121.993
0.971,1,0.201,0.696,0.852,0.00125,-4.281,128.28
0.767,1,0.611,0.597,0.71,0.0,-9.798,150.13
0.0944,1,0.0185,0.609,0.664,0.0195,-9.116,105.976
0.813,1,0.737,0.571,0.839,0.0281,-5.799,127.356
0.704,1,0.229,0.494,0.666,5.69e-05,-9.743,140.832
0.594,1,0.236,0.347,0.638,0.0,-10.258,94.506
0.821,1,0.436,0.684,0.486,9.77e-05,-12.521,115.076
0.214,1,0.000641,0.787,0.679,0.912,-12.377,117.501
0.537,1,0.00254,0.696,0.643,0.834,-10.124,117.514
0.715,1,0.0043,0.894,0.676,0.348,-9.707,121.0
0.817,1,0.00524,0.81,0.547,0.854,-12.295,120.752
0.855,1,0.0263,0.739,0.878,0.407,-5.464,126.705
0.827,1,0.000173,0.641,0.954,0.425,-6.765,122.79
0.744,1,0.136,0.829,0.65,2.15e-05,-9.691,108.398
0.482,1,0.00479,0.777,0.671,0.0244,-7.803,123.974
0.598,1,0.271,0.567,0.851,0.0,-5.897,80.935
0.217,1,0.934,0.44,0.433,0.811,-17.453,79.952
0.776,1,0.813,0.745,0.544,0.0,-9.137,125.345
0.802,1,0.00113,0.616,0.943,1.67e-06,-5.305,129.963
0.375,1,0.557,0.462,0.714,0.000881,-8.772,144.952
0.0549,1,0.916,0.334,0.265,0.837,-17.219,113.12
0.861,1,0.00325,0.686,0.61,0.000123,-7.952,143.598
0.96,1,0.517,0.691,0.714,0.0164,-9.694,91.045
0.927,1,0.292,0.592,0.688,0.268,-14.107,102.099
0.796,1,0.0164,0.653,0.875,0.0311,-5.232,116.956
0.826,1,0.0314,0.86,0.857,0.38,-4.23,121.999
0.334,1,0.0114,0.682,0.78,0.735,-9.948,115.564
0.689,1,0.0491,0.703,0.464,0.0,-5.977,95.012
0.364,1,0.895,0.444,0.412,0.64,-11.569,184.012
0.419,1,0.0624,0.476,0.571,0.353,-7.223,141.221
0.389,1,0.000286,0.313,0.872,2.26e-05,-5.058,122.362
0.611,1,4.19e-05,0.636,0.864,0.887,-9.618,123.972
0.889,1,0.0983,0.632,0.586,0.581,-11.333,114.243
0.0537,1,0.314,0.43,0.734,0.000286,-10.043,133.992
0.954,1,0.809,0.833,0.684,0.0,-6.325,112.7
0.63,1,0.723,0.688,0.421,0.625,-9.015,138.0
0.134,1,0.577,0.438,0.404,0.759,-11.815,137.895
0.713,1,0.59,0.789,0.698,0.802,-7.842,120.961
0.555,1,0.156,0.819,0.671,0.000136,-6.947,129.921
0.352,1,0.887,0.366,0.407,0.263,-10.047,148.436
0.492,1,0.149,0.71,0.959,2.1e-05,-6.697,108.006
0.638,1,0.00727,0.582,0.734,0.202,-6.987,127.071
0.685,1,0.349,0.545,0.507,2.92e-06,-7.534,124.311
0.55,1,4.61e-06,0.479,0.854,5.72e-05,-6.101,136.067
0.231,1,0.0175,0.564,0.737,0.0,-4.079,104.764
0.717,1,0.198,0.89,0.52,0.273,-6.927,114.959
0.736,1,0.00543,0.363,0.755,0.00105,-6.654,114.407
0.696,1,0.101,0.867,0.669,0.683,-7.897,121.99
0.262,1,0.612,0.59,0.578,0.000162,-5.798,81.663
0.854,1,0.000825,0.832,0.496,0.825,-10.601,117.741
0.894,1,0.478,0.839,0.585,0.00281,-7.738,89.821
0.309,1,0.0716,0.447,0.416,0.00426,-12.181,103.068
0.2,1,0.0328,0.598,0.657,2.72e-05,-7.466,114.969
0.658,1,0.0664,0.643,0.889,0.884,-7.043,131.999
0.627,1,0.00324,0.746,0.613,0.672,-10.104,125.317
0.646,1,0.000624,0.906,0.648,0.0857,-8.742,123.98
0.614,1,0.000334,0.907,0.616,0.425,-7.073,124.036
0.635,1,0.331,0.578,0.633,0.0,-10.117,101.534
0.69,1,0.00431,0.808,0.916,0.598,-4.54,121.99
0.49,1,0.0252,0.745,0.894,0.878,-4.721,127.99
0.233,1,0.0125,0.634,0.858,0.84,-11.661,123.991
0.814,1,0.198,0.603,0.921,0.00035,-3.555,122.978
0.696,1,0.00166,0.587,0.841,0.53,-5.079,142.95
0.577,1,0.0289,0.93,0.483,0.00244,-9.925,120.022
0.715,1,0.0124,0.585,0.62,0.0164,-9.075,80.021
0.451,1,0.0245,0.803,0.427,0.405,-10.819,118.008
0.787,1,0.411,0.757,0.868,0.00221,-9.326,138.923
0.909,1,0.157,0.729,0.818,0.285,-9.992,125.811
0.683,1,2.6e-05,0.76,0.669,0.076,-8.583,122.007
0.961,1,0.000885,0.79,0.427,0.446,-11.361,116.986
0.9,1,0.207,0.786,0.963,0.0012,-2.84,94.63
0.717,1,0.242,0.708,0.441,0.000147,-12.931,125.191
0.872,1,0.643,0.729,0.666,0.135,-10.721,109.554
0.682,1,0.312,0.76,0.636,0.534,-11.605,99.223
0.975,1,0.847,0.661,0.76,0.334,-9.509,111.165
0.865,1,0.00428,0.704,0.895,0.28,-7.81,118.662
0.82,1,0.0154,0.606,0.913,0.905,-7.865,146.15
0.539,1,0.00207,0.587,0.915,0.579,-8.307,128.004
0.835,1,0.16,0.66,0.591,0.848,-8.497,100.034
0.39,1,0.000779,0.34,0.454,0.0188,-12.279,100.089
0.573,1,0.0476,0.723,0.755,0.00147,-9.381,97.195
0.48,1,0.717,0.285,0.512,0.0,-8.103,94.922
0.698,1,0.218,0.63,0.862,0.0527,-6.12,103.118
0.342,1,0.783,0.418,0.0962,6.61e-05,-15.078,184.721
0.104,1,0.087,0.529,0.571,6.34e-06,-6.264,102.428
0.47,1,0.0112,0.465,0.727,0.802,-5.181,118.149
0.62,1,0.0133,0.69,0.911,0.907,-9.075,124.019
0.296,1,0.0044,0.449,0.962,0.897,-4.293,154.979
0.414,1,0.9,0.582,0.401,0.538,-8.731,112.357
0.217,1,0.934,0.44,0.433,0.811,-17.453,79.952
0.921,1,0.0395,0.669,0.904,0.406,-5.487,107.83
0.576,1,0.189,0.622,0.752,0.0124,-6.964,126.047
0.185,1,6.89e-05,0.286,0.704,0.034,-5.12,145.843
0.357,1,0.0552,0.373,0.63,0.0,-5.131,115.942
0.68,1,0.136,0.906,0.444,6.44e-05,-8.692,140.063
0.562,1,0.00134,0.789,0.682,1.39e-06,-6.841,109.988
0.608,1,0.155,0.822,0.863,0.000632,-8.035,100.959
0.426,1,0.0599,0.756,0.853,0.000562,-5.92,100.004
0.23,1,0.189,0.555,0.759,0.459,-6.214,192.272
0.204,1,0.0633,0.897,0.661,0.0,-6.2,127.081
0.124,1,0.56,0.654,0.499,0.907,-9.084,103.966
0.289,1,0.0442,0.679,0.462,0.793,-10.128,120.012
0.0451,1,0.0004,0.804,0.64,0.935,-8.598,124.007
0.616,1,0.078,0.815,0.459,0.826,-12.588,124.996
0.367,1,1.65e-05,0.499,0.506,0.941,-16.778,186.328
0.468,1,0.0423,0.84,0.918,0.613,-9.251,124.847
0.144,1,0.0109,0.816,0.747,0.756,-8.066,119.98
0.635,1,0.016,0.646,0.757,0.0243,-6.089,108.438
0.881,1,0.028,0.658,0.568,0.00356,-7.579,128.638
0.595,1,0.00159,0.865,0.603,0.428,-11.289,135.006
0.55,1,0.003,0.754,0.968,0.795,-4.419,124.971
0.195,1,0.0372,0.89,0.443,0.385,-8.654,122.002
0.33,1,0.514,0.731,0.638,0.332,-8.738,143.018
0.194,1,0.109,0.748,0.623,0.0,-5.08,105.045
0.775,1,0.758,0.744,0.555,0.0,-6.744,121.241
0.869,1,0.34,0.77,0.409,0.0,-13.387,80.126
0.899,1,0.269,0.663,0.602,8.81e-05,-11.013,149.51
0.313,1,0.411,0.236,0.706,5.43e-06,-6.544,105.624
0.561,1,0.666,0.354,0.366,0.0,-10.799,111.057
0.255,1,0.517,0.367,0.215,0.0,-16.652,98.742
0.285,1,0.00594,0.58,0.859,0.00163,-4.532,129.959
0.467,1,0.0173,0.916,0.571,1.11e-06,-8.241,103.521
0.578,1,0.0681,0.767,0.686,0.91,-10.476,114.07
0.74,1,0.0853,0.864,0.552,0.778,-8.851,112.378
0.844,1,0.661,0.457,0.909,1.54e-06,-3.189,93.193
0.806,1,0.543,0.785,0.796,0.291,-5.815,136.05
0.127,1,0.211,0.418,0.547,0.0443,-4.932,131.99
0.86,1,0.0378,0.81,0.793,1.82e-06,-9.404,116.049
0.0602,1,0.0159,0.588,0.596,0.0,-4.994,130.346
0.43,1,0.0384,0.841,0.729,0.0,-3.047,132.073
0.288,1,0.000954,0.775,0.823,0.0,-6.091,130.041
0.769,1,0.147,0.85,0.509,0.0,-9.637,134.9
0.184,1,0.00444,0.413,0.633,0.0,-5.188,170.016
0.57,1,0.222,0.76,0.79,0.0,-3.835,94.017
0.354,1,0.0745,0.409,0.532,0.00523,-6.266,99.935
0.329,1,0.957,0.342,0.159,0.114,-18.127,91.963
0.325,1,0.0475,0.606,0.503,0.0,-6.678,80.04
0.438,1,0.00369,0.647,0.762,0.00641,-7.765,120.832
0.106,1,0.0216,0.709,0.669,0.0125,-8.422,105.004
0.332,1,0.156,0.378,0.572,0.152,-6.361,134.957
0.544,1,0.112,0.555,0.699,0.00319,-7.871,170.02
0.535,1,0.382,0.735,0.555,0.856,-8.84,100.01
0.255,1,0.0564,0.607,0.435,0.0178,-6.604,120.045
0.404,1,0.0369,0.448,0.733,0.0425,-6.238,142.008
0.0978,1,0.655,0.507,0.466,0.363,-11.966,157.013
0.36,1,0.138,0.667,0.658,0.00685,-7.71,91.98
0.676,1,0.345,0.855,0.605,0.0573,-7.403,114.999
0.782,1,0.2,0.739,0.848,0.824,-4.598,125.02
0.457,1,0.0739,0.833,0.663,0.00351,-3.639,103.693
0.778,1,0.00535,0.654,0.641,0.00321,-9.771,114.696
0.31,1,0.208,0.514,0.632,0.0132,-6.305,94.569
0.645,1,0.0019,0.468,0.88,0.00704,-5.086,176.972
0.662,1,0.135,0.756,0.415,0.0,-14.429,96.99
0.668,1,0.0208,0.869,0.687,1e-06,-6.816,96.006
0.505,1,0.144,0.709,0.412,0.000101,-11.602,174.062
0.825,1,0.0559,0.521,0.851,0.0,-3.235,130.032
0.658,1,0.0852,0.858,0.789,0.0,-7.462,125.993
0.656,1,4.69e-06,0.566,0.869,0.309,-7.614,129.948
0.794,1,0.148,0.701,0.788,0.625,-5.611,142.584
0.557,1,0.374,0.772,0.612,2.44e-06,-7.274,142.911
0.429,1,0.142,0.714,0.566,1.25e-06,-4.408,113.074
0.617,1,0.0313,0.515,0.902,0.0,-4.729,174.589
0.628,1,0.00531,0.859,0.624,0.000124,-5.437,149.948
0.474,1,0.0381,0.709,0.797,0.0,-4.316,139.639
0.412,1,0.102,0.699,0.724,0.0,-5.126,140.157
0.382,1,0.377,0.497,0.734,0.0,-6.112,139.096
0.583,1,0.0669,0.832,0.854,0.0,-4.92,136.213
0.761,1,0.285,0.88,0.697,7.66e-05,-8.468,129.989
0.294,1,0.289,0.506,0.43,0.0139,-17.402,137.644
0.713,1,0.202,0.732,0.974,0.0,-2.158,137.905
0.645,1,0.671,0.539,0.74,0.0,-7.157,139.608
0.884,1,0.352,0.494,0.78,0.0,-5.841,139.725
0.681,1,0.00298,0.545,0.904,0.00117,-5.201,139.871
0.357,1,0.397,0.739,0.665,0.0,-6.075,139.87
0.311,1,0.134,0.603,0.64,0.0,-5.215,125.462
0.661,1,0.0641,0.667,0.673,4e-06,-7.574,144.256
0.683,1,0.375,0.561,0.588,0.0,-7.628,83.204
0.851,1,0.258,0.812,0.937,0.0,-1.894,139.997
0.374,1,0.0103,0.745,0.822,4.2e-06,-6.354,86.733
0.364,1,0.329,0.673,0.922,0.0,-5.311,140.008
0.73,1,0.35,0.794,0.801,0.0,-6.433,147.072
0.822,1,0.1,0.575,0.723,0.0,-4.956,107.039
0.273,0,0.819,0.64,0.196,3.63e-05,-11.478,143.919
0.65,0,0.0677,0.587,0.628,1.88e-06,-5.703,92.003
0.637,0,0.013,0.631,0.716,0.0,-5.713,88.541
0.464,0,0.231,0.589,0.809,0.0,-5.292,88.965
0.502,0,0.000907,0.612,0.841,0.0,-3.795,104.986
0.574,0,0.01,0.553,0.743,0.0,-5.483,149.962
0.694,0,0.0538,0.548,0.877,8.22e-06,-5.481,84.009
0.797,0,0.151,0.528,0.842,3e-05,-6.217,83.948
0.555,0,0.27,0.663,0.656,0.000279,-6.548,120.037
0.703,0,0.0549,0.53,0.809,0.0,-4.745,82.022
0.313,0,0.0966,0.525,0.657,0.0,-5.28,176.127
0.702,0,0.0244,0.553,0.747,0.0,-5.905,73.033
0.481,0,0.0102,0.533,0.91,0.0,-3.087,113.054
0.666,0,0.148,0.726,0.595,0.000433,-6.846,115.0
0.527,0,0.00733,0.584,0.716,0.0,-4.737,90.005
0.437,0,0.0165,0.443,0.804,2.89e-06,-6.432,151.928
0.549,0,0.124,0.521,0.805,0.000219,-4.481,141.967
0.205,0,0.661,0.476,0.527,0.0,-6.406,152.117
0.52,0,0.0159,0.591,0.577,0.0,-6.107,156.107
0.293,0,0.335,0.5,0.622,0.0,-6.691,83.886
0.962,0,0.234,0.674,0.706,7.98e-05,-4.824,160.023
0.692,0,0.144,0.631,0.658,0.0,-5.313,80.996
0.466,0,0.0494,0.562,0.94,0.0,-4.337,103.009
0.445,0,0.214,0.638,0.634,0.0,-6.474,92.097
0.421,0,0.733,0.409,0.645,0.0,-8.336,74.923
0.478,0,0.0968,0.434,0.664,0.0,-5.883,145.861
0.688,0,0.333,0.439,0.802,0.0,-3.644,168.032
0.506,0,0.0915,0.533,0.533,0.0,-8.266,159.907
0.426,0,0.0207,0.434,0.921,0.00209,-2.248,171.945
0.52,0,0.0558,0.523,0.725,6.96e-06,-5.448,155.855
0.675,0,0.00898,0.612,0.799,0.0,-4.603,125.976
0.542,0,0.0993,0.51,0.904,0.0,-4.291,150.004
0.462,0,0.424,0.55,0.774,0.0,-4.397,170.124
0.381,0,0.397,0.596,0.544,0.0,-7.294,147.976
0.585,0,0.0166,0.622,0.745,0.000875,-5.674,91.0
0.949,0,0.0344,0.659,0.926,0.00121,-4.66,152.015
0.759,0,0.00566,0.479,0.86,0.0,-4.318,80.018
0.466,0,0.186,0.56,0.78,0.0,-5.164,160.052
0.313,0,0.0179,0.512,0.587,0.0,-6.403,134.006
0.634,0,0.0292,0.403,0.745,0.0,-6.534,186.241
0.472,0,0.312,0.536,0.722,0.0,-4.163,143.78
0.532,0,0.116,0.685,0.783,0.0,-4.152,90.008
0.52,0,0.638,0.71,0.498,0.0,-5.478,136.093
0.618,0,0.463,0.731,0.469,1.04e-06,-7.226,98.963
0.627,0,0.208,0.501,0.836,0.0,-3.587,159.863
0.297,0,0.861,0.425,0.372,0.0148,-10.92,79.456
0.709,0,0.0209,0.458,0.894,0.0,-4.903,160.125
0.637,0,0.0406,0.488,0.915,0.0,-4.255,75.019
0.596,0,0.422,0.482,0.739,1.87e-05,-5.476,155.932
0.554,0,0.0527,0.442,0.784,0.0,-4.001,170.139
0.558,0,0.00434,0.555,0.896,0.0,-3.295,114.995
0.592,0,0.0551,0.41,0.738,0.0,-3.833,184.059
0.492,0,0.273,0.507,0.81,0.0567,-5.628,156.004
0.652,0,0.129,0.69,0.626,0.0,-5.831,101.958
0.289,0,0.865,0.641,0.0628,4.08e-06,-14.155,129.004
0.931,0,0.279,0.655,0.785,0.0,-4.022,171.969
0.343,0,0.2,0.529,0.803,0.0,-5.379,97.043
0.761,0,0.0304,0.681,0.845,0.0,-5.147,132.023
0.826,0,0.229,0.694,0.815,0.0,-4.328,88.931
0.734,0,0.231,0.755,0.789,0.0,-4.502,93.973
0.645,0,0.0744,0.684,0.823,0.0,-3.297,91.048
0.471,0,0.0258,0.746,0.794,0.0,-6.331,104.827
0.746,0,0.243,0.683,0.691,0.0,-5.535,179.91
0.746,0,0.0245,0.747,0.864,4.46e-05,-3.181,92.028
0.42,0,0.286,0.706,0.689,0.0,-5.533,144.127
0.913,0,0.168,0.859,0.756,4.65e-05,-3.36,102.033
0.507,0,0.0277,0.489,0.962,6.18e-06,-2.597,104.563
0.916,0,0.154,0.889,0.853,0.000107,-4.26,93.022
0.714,0,0.0559,0.832,0.772,0.000486,-5.429,96.016
0.886,0,0.116,0.685,0.859,0.0,-2.595,176.018
0.766,0,0.27,0.639,0.869,0.0,-4.024,169.801
0.849,0,0.209,0.66,0.786,0.0,-4.757,177.833
0.717,0,0.4,0.761,0.838,0.0,-3.073,93.974
0.45,0,0.0309,0.792,0.819,0.0,-5.418,89.98
0.74,0,0.547,0.76,0.838,1.3e-06,-3.828,93.05
0.929,0,0.211,0.711,0.875,0.000198,-2.211,103.637
0.783,0,0.205,0.735,0.482,0.000194,-9.21,175.907
0.521,0,0.00431,0.663,0.92,1.69e-05,-4.07,99.935
0.565,0,0.551,0.508,0.687,3.41e-06,-4.361,180.044
0.645,0,0.0897,0.745,0.921,0.0,-2.674,92.973
0.679,0,0.256,0.772,0.909,0.0,-3.225,96.031
0.619,0,0.125,0.761,0.82,2.1e-05,-4.003,88.997
0.82,0,0.167,0.761,0.829,0.0,-3.203,92.033
0.646,0,0.142,0.776,0.669,0.0,-4.933,91.012
0.776,0,0.204,0.685,0.731,0.0,-5.119,177.912
0.833,0,0.053,0.724,0.84,0.0,-3.581,92.01
0.954,0,0.206,0.746,0.961,1.84e-06,-2.243,179.984
0.56,0,0.163,0.817,0.869,0.00226,-4.791,96.029
0.828,0,0.0998,0.721,0.687,0.0,-6.682,175.914
0.818,0,0.39,0.732,0.801,0.0,-3.859,123.981
0.772,0,0.245,0.682,0.858,0.0,-4.711,94.954
0.789,0,0.132,0.73,0.701,0.0,-5.885,175.95
0.851,0,0.0786,0.724,0.904,0.0,-3.354,90.999
0.524,0,0.0244,0.68,0.954,0.0,-1.823,104.029
0.51,0,0.0724,0.827,0.646,0.0,-4.727,92.057
0.579,0,0.282,0.832,0.608,0.0,-6.042,94.013
0.589,0,0.163,0.688,0.719,0.0,-4.746,88.015
0.871,0,0.076,0.899,0.626,0.0,-4.228,88.007
0.495,0,0.0345,0.724,0.809,0.0,-4.96,95.037
0.656,0,0.0685,0.712,0.841,7.87e-05,-5.432,98.003
0.938,0,0.113,0.801,0.822,0.00424,-4.655,176.048
0.656,0,0.0869,0.49,0.894,0.0,-1.708,197.989
0.8,0,0.234,0.768,0.742,0.0,-6.308,114.679
0.476,0,0.0821,0.725,0.711,0.0,-4.544,93.003
0.813,0,0.803,0.612,0.57,3.29e-05,-9.62,169.842
0.794,0,0.189,0.67,0.679,0.0,-5.618,172.069
0.924,0,0.0525,0.779,0.659,0.0,-5.455,95.003
0.84,0,0.051,0.712,0.901,0.0,-4.699,97.98
0.301,0,0.0983,0.648,0.833,0.001,-5.116,108.001
0.692,0,0.00898,0.499,0.824,0.0,-4.741,161.977
0.548,0,0.004,0.385,0.866,0.0,-2.817,176.014
0.562,0,0.0313,0.561,0.927,2.34e-05,-4.374,152.011
0.532,0,0.00139,0.613,0.874,1.82e-06,-3.594,108.038
0.718,0,0.119,0.623,0.956,0.000227,-2.608,149.958
0.531,0,0.00494,0.616,0.961,0.0,-3.144,114.492
0.376,0,0.000965,0.607,0.889,0.0,-4.034,100.034
0.741,0,0.177,0.95,0.412,0.0,-6.592,121.019
0.814,0,0.222,0.63,0.815,0.0,-4.265,88.357
0.25,0,0.00593,0.608,0.841,0.0573,-3.798,167.969
0.758,0,0.0969,0.774,0.626,3.12e-05,-4.432,100.041
0.965,0,0.381,0.857,0.8,0.0,-4.035,121.996
0.125,0,0.102,0.44,0.413,1.7e-05,-7.425,131.659
0.539,0,0.0745,0.696,0.503,0.0,-4.842,99.977
0.643,0,0.197,0.633,0.592,0.0,-7.245,90.066
0.483,0,0.062,0.711,0.722,0.0,-3.946,99.954
0.384,0,0.0485,0.76,0.588,0.0,-7.082,102.974
0.392,0,0.0577,0.565,0.782,4.16e-05,-6.413,140.004
0.535,0,0.238,0.457,0.627,0.0,-5.091,101.384
0.361,0,0.56,0.622,0.593,0.0,-7.755,100.048
0.732,0,0.15,0.703,0.868,0.132,-4.661,121.03
0.485,0,0.115,0.66,0.575,1.59e-06,-4.934,110.091
0.609,0,0.0575,0.741,0.667,0.0,-5.445,112.956
0.874,0,0.0133,0.726,0.429,0.0,-6.623,85.899
0.364,0,0.0283,0.656,0.615,0.0,-6.252,139.91
0.551,0,0.00464,0.565,0.771,0.0,-5.22,168.385
0.117,0,0.97,0.549,0.371,0.132,-9.56,87.024
0.673,0,0.45,0.754,0.762,6.67e-05,-4.486,92.002
0.441,0,0.00728,0.741,0.559,0.000971,-7.775,101.999
0.676,0,0.549,0.87,0.502,0.00356,-7.497,82.53
0.47,0,0.281,0.718,0.609,3.29e-05,-4.699,122.948
0.536,0,0.00411,0.624,0.806,0.0,-5.957,149.999
0.75,0,0.0293,0.726,0.769,0.0101,-5.043,97.985
0.419,0,0.000339,0.905,0.596,2.05e-05,-7.496,149.996
0.16,0,0.00517,0.747,0.592,1.48e-05,-6.334,110.991
0.779,0,0.075,0.696,0.817,0.0,-3.862,98.064
0.568,0,0.0355,0.673,0.676,0.0,-5.002,134.944
0.521,0,0.032,0.607,0.718,0.0,-4.095,101.821
0.0951,0,0.0303,0.415,0.369,7.64e-06,-10.044,95.746
0.497,0,0.0905,0.648,0.532,0.0,-6.597,99.983
0.537,0,0.128,0.747,0.799,0.0,-4.066,104.02
0.157,0,0.238,0.76,0.303,8.09e-06,-11.362,99.991
0.608,0,0.401,0.763,0.671,1.16e-05,-4.029,120.06
0.585,0,0.0235,0.667,0.648,1.52e-05,-6.398,95.031
0.286,0,0.0102,0.833,0.434,0.0219,-8.795,150.062
0.54,0,0.122,0.803,0.793,5.81e-05,-5.769,106.035
0.209,0,0.0275,0.516,0.595,0.0,-4.63,119.972
0.242,0,0.00246,0.532,0.778,0.000111,-6.69,169.923
0.45,0,0.416,0.704,0.423,0.0,-6.792,113.962
0.853,0,0.013,0.853,0.56,0.0,-4.961,134.066
0.371,0,0.0561,0.623,0.656,0.0,-5.608,95.878
0.513,0,0.131,0.748,0.627,0.0,-6.029,120.963
0.322,0,0.33,0.736,0.449,0.000162,-11.462,80.126
0.19,0,0.0895,0.584,0.54,0.0,-7.786,137.972
0.372,0,0.304,0.804,0.459,0.0862,-11.556,111.963
0.933,0,0.581,0.825,0.652,0.0,-3.183,95.977
0.441,0,0.0991,0.608,0.86,0.0,-5.324,127.075
0.68,0,0.167,0.748,0.727,0.0,-2.42,125.014
0.446,0,0.0656,0.828,0.433,0.000876,-9.716,148.073
0.716,0,0.0921,0.72,0.802,0.0,-5.797,124.043
0.791,0,0.0319,0.646,0.795,0.0,-3.293,89.99
0.454,0,0.0643,0.755,0.838,1.59e-05,-4.5,126.877
0.819,0,0.00622,0.75,0.78,0.0,-3.155,119.985
0.304,0,0.0567,0.467,0.564,0.0,-4.986,81.966
0.376,0,0.11,0.66,0.867,0.0,-4.285,93.033
0.63,0,0.555,0.635,0.691,0.0,-4.862,82.142
0.472,0,0.071,0.375,0.862,0.0,-3.363,159.841
0.716,0,0.00738,0.352,0.843,0.0,-7.983,165.29
0.541,0,0.039,0.673,0.758,0.0,-3.632,135.956
0.792,0,0.0295,0.581,0.963,0.0,-4.087,129.992
0.767,0,0.0384,0.72,0.791,0.0,-4.689,102.071
0.254,0,0.069,0.599,0.803,0.137,-3.641,126.057
0.769,0,0.0181,0.62,0.869,0.0,-5.252,151.684
0.698,0,0.000704,0.657,0.827,0.00534,-4.036,145.889
0.557,0,0.0525,0.715,0.655,0.0,-6.425,95.078
0.602,0,0.0514,0.786,0.857,0.0,-3.765,110.038
0.719,0,0.0746,0.755,0.832,1.27e-06,-2.741,120.032
0.875,0,0.0715,0.859,0.697,0.0,-3.79,117.008
0.441,0,0.112,0.612,0.84,0.0,-3.145,129.042
0.797,0,0.0762,0.809,0.628,0.000371,-5.021,130.008
0.758,0,0.000979,0.842,0.531,1.34e-05,-8.729,105.013
0.847,0,0.0183,0.745,0.714,0.0,-5.501,120.025
0.753,0,0.162,0.725,0.68,2.13e-06,-5.465,119.939
0.561,0,0.0117,0.579,0.821,0.0,-4.616,174.063
0.471,0,0.0649,0.663,0.714,0.0,-4.944,121.99
0.0953,0,0.00107,0.818,0.799,0.128,-4.1,100.014
0.86,0,0.0378,0.81,0.793,1.82e-06,-9.404,116.049
0.281,0,0.0533,0.441,0.87,3.7e-06,-4.845,134.469
0.731,0,0.0215,0.688,0.702,0.0,-4.792,94.006
0.581,0,0.219,0.427,0.861,0.0,-4.874,161.776
0.73,0,0.0196,0.592,0.752,0.0,-6.589,74.784
0.787,0,0.403,0.753,0.801,0.0,-3.215,128.011
0.428,0,0.186,0.548,0.532,0.000263,-7.596,85.03
0.422,0,0.00901,0.635,0.983,0.00799,-3.807,145.085
0.289,0,0.0431,0.697,0.527,1.25e-05,-10.438,121.849
0.556,0,0.0208,0.583,0.786,0.0,-3.142,123.052
0.825,0,0.00373,0.862,0.608,6.14e-06,-4.762,120.002
0.261,0,0.119,0.68,0.489,2.86e-05,-7.837,74.04
0.744,0,0.161,0.772,0.648,0.0,-6.222,129.966
0.78,0,0.0532,0.709,0.697,5.15e-05,-3.471,112.017
0.488,0,0.455,0.627,0.56,0.0,-5.378,97.967
0.381,0,0.0394,0.567,0.678,0.0,-6.642,141.951
0.262,0,0.0495,0.547,0.513,0.0,-7.451,110.54
0.13,0,0.379,0.335,0.582,2.67e-05,-5.09,110.522
0.479,0,0.0363,0.468,0.786,0.0,-2.757,84.992
0.191,0,0.648,0.322,0.508,0.00297,-7.681,155.128
0.421,0,0.766,0.486,0.331,0.0,-9.106,79.277
0.382,0,0.0189,0.475,0.672,0.0,-5.925,77.857
0.184,0,0.912,0.361,0.236,7.79e-05,-7.781,147.309
0.293,0,0.447,0.519,0.684,0.0,-3.746,133.943
0.599,0,0.0353,0.576,0.686,6.68e-05,-6.032,153.901
0.245,0,0.0342,0.511,0.815,0.0,-6.317,128.004
0.266,0,0.0164,0.526,0.692,0.0,-3.895,137.849
0.255,0,0.0176,0.621,0.674,0.0,-4.635,92.994
0.638,0,0.117,0.673,0.813,0.0,-5.895,103.999
0.295,0,0.28,0.555,0.663,0.0,-5.628,75.976
0.407,0,0.379,0.534,0.508,0.0,-7.085,153.947
0.0974,0,0.199,0.422,0.336,0.0,-7.199,108.009
0.308,0,0.568,0.448,0.412,5.68e-05,-7.877,133.881
0.129,0,0.498,0.331,0.427,0.0,-7.431,157.938
0.237,0,0.0229,0.385,0.663,0.0,-5.902,156.066
0.331,0,0.0141,0.447,0.89,0.0,-4.563,93.894
0.507,0,0.0107,0.619,0.733,0.0,-5.055,100.071
0.225,0,0.202,0.497,0.604,0.0,-9.438,131.935
0.209,0,0.587,0.464,0.225,5.64e-06,-9.155,84.677
0.149,0,0.0298,0.306,0.742,0.0,-3.914,155.873
0.326,0,0.149,0.536,0.711,0.0,-4.916,147.9
0.233,0,0.000767,0.429,0.636,5.14e-05,-7.684,123.966
0.136,0,0.627,0.295,0.326,0.0,-6.125,126.704
0.783,0,0.0218,0.534,0.933,0.0,-4.021,174.081
0.729,0,0.104,0.475,0.92,0.0,-4.991,154.906
0.352,0,0.415,0.436,0.618,2.46e-06,-8.402,83.982
0.96,0,0.0458,0.704,0.928,0.0,-3.422,113.981
0.728,0,0.0166,0.543,0.944,0.0,-2.647,93.957
0.435,0,0.0108,0.534,0.862,0.0,-4.282,104.012
0.225,0,0.85,0.227,0.309,0.0,-7.368,167.097
0.637,0,0.193,0.732,0.606,1.25e-06,-5.21,115.985
0.961,0,0.322,0.659,0.848,0.0,-3.273,166.009
0.492,0,0.298,0.588,0.58,0.0,-7.833,138.013
0.308,0,0.0875,0.353,0.87,0.0,-5.386,135.045
0.368,0,0.225,0.696,0.713,2.22e-06,-5.114,189.932
0.648,0,0.00532,0.529,0.769,0.0,-6.369,73.946
0.286,0,0.000774,0.525,0.657,0.0,-6.394,77.013
0.0968,0,0.187,0.423,0.502,0.0,-5.924,135.858
0.52,0,0.00497,0.574,0.802,0.0,-4.801,128.062
0.128,0,0.000619,0.388,0.542,0.0,-6.122,135.866
0.603,0,0.0643,0.519,0.907,0.0,-3.918,147.957
0.841,0,0.00687,0.688,0.843,0.0,-4.12,105.02
0.308,0,0.807,0.569,0.484,9.35e-06,-6.536,122.08
0.179,0,0.0024,0.547,0.511,1.24e-06,-5.802,143.968
0.544,0,0.0198,0.511,0.831,0.0,-4.826,141.971
0.0484,0,0.000937,0.676,0.79,8.94e-05,-3.674,99.948
0.593,0,0.0646,0.587,0.791,0.0,-6.313,125.993
0.0963,0,0.183,0.389,0.525,0.0,-7.941,143.919
0.113,0,0.105,0.528,0.59,0.0,-6.682,118.031
0.117,0,0.0326,0.37,0.723,0.0,-4.774,149.923
0.208,0,0.0919,0.301,0.762,0.0,-3.392,161.864
0.298,0,0.0839,0.459,0.561,0.0,-7.091,144.784
0.416,0,0.0793,0.545,0.576,0.0,-11.081,100.304
0.332,0,0.471,0.495,0.71,0.0,-3.941,90.024
0.336,0,0.0832,0.492,0.656,0.0,-7.361,147.948
0.171,0,0.0551,0.401,0.7,0.0,-5.07,81.049
0.314,0,0.00392,0.436,0.836,1.12e-06,-4.884,147.978
0.558,0,0.0101,0.674,0.895,0.0,-3.973,102.984
0.393,0,0.133,0.566,0.766,0.0,-6.87,139.955
0.289,0,0.157,0.211,0.649,0.0,-7.28,150.11
0.547,0,0.196,0.305,0.726,0.0,-6.375,82.673
0.169,0,0.000127,0.237,0.99,0.0914,-3.331,151.545
0.0703,0,1.51e-05,0.455,0.994,0.0012,-4.584,125.035
0.129,0,7.94e-06,0.236,0.981,0.874,-2.635,160.114
0.064,0,0.00256,0.468,0.998,0.0,-0.994,140.003
0.451,0,0.000102,0.476,0.962,0.106,-4.023,145.947
0.323,0,8.35e-06,0.226,0.553,0.0379,-9.169,129.255
0.362,0,0.00105,0.495,0.955,0.0551,-4.181,130.002
0.231,0,5.83e-05,0.296,0.983,0.146,-2.999,115.003
0.142,0,1.84e-05,0.474,0.925,0.901,-3.539,139.97
0.26,0,0.000168,0.406,0.936,0.242,-4.564,139.922
0.183,0,8.12e-05,0.173,0.927,0.23,-5.22,99.131
0.153,0,1.01e-05,0.404,0.989,0.556,-1.374,94.291
0.0399,0,0.000393,0.456,0.97,0.0432,-4.655,124.976
0.199,0,0.0147,0.242,0.96,0.0562,-4.112,169.896
0.186,0,4.42e-05,0.472,0.942,0.823,-3.954,150.005
0.116,0,2.95e-05,0.227,0.921,0.792,-6.149,175.167
0.292,0,5.73e-05,0.444,0.943,0.00704,-4.955,119.945
0.11,0,8.53e-05,0.17,0.866,0.976,-7.304,117.539
0.149,0,4.19e-05,0.276,0.919,0.181,-3.773,116.038
0.191,0,6.49e-05,0.401,0.988,0.116,-4.104,155.356
0.245,0,7.53e-05,0.398,0.974,0.0076,-2.823,129.983
0.15,0,0.000696,0.566,0.986,0.0164,-5.016,127.515
0.102,0,0.000103,0.39,0.978,0.941,-4.209,100.221
0.131,0,2.67e-05,0.336,0.983,0.00362,-1.812,113.711
0.146,0,0.00545,0.48,0.984,0.283,-5.718,130.02
0.201,0,0.000273,0.285,0.989,0.797,-4.407,140.019
0.0533,0,4.95e-05,0.428,0.997,0.955,-3.587,149.998
0.11,0,0.000283,0.256,0.98,0.0196,-5.107,94.99
0.14,0,0.000102,0.491,0.928,0.363,-3.866,132.973
0.102,0,0.000673,0.274,0.925,0.156,-5.204,161.25
0.0658,0,0.00125,0.217,0.98,0.00139,-3.332,139.024
0.316,0,4.58e-05,0.261,0.863,7.33e-06,-7.199,108.347
0.194,0,1.35e-05,0.517,0.991,1.44e-05,-2.406,120.026
0.16,0,0.000482,0.258,0.905,0.000489,-4.897,112.94
0.165,0,1.2e-05,0.484,0.98,0.188,-1.939,119.997
0.0536,0,6.56e-05,0.387,0.967,0.226,-3.335,129.904
0.0914,0,0.00029,0.424,0.992,2.13e-05,-2.976,145.144
0.172,0,0.000111,0.45,0.986,0.251,-2.384,159.976
0.16,0,2.13e-05,0.222,0.985,0.00644,-4.105,136.227
0.448,0,5.4e-05,0.455,0.973,0.00193,-4.597,102.076
0.134,0,0.000123,0.398,0.955,0.458,-3.39,100.03
0.254,0,8.8e-06,0.399,0.877,0.358,-5.418,112.351
0.372,0,3.28e-05,0.401,0.921,0.753,-3.287,102.035
0.114,0,1.94e-05,0.209,0.955,0.0118,-4.527,199.988
0.17,0,1.56e-05,0.493,0.964,0.00733,-3.079,110.005
0.273,0,0.00115,0.339,0.958,1.56e-05,-2.909,128.806
0.154,0,5.32e-05,0.458,0.957,8.97e-05,-6.16,120.006
0.251,0,1.45e-05,0.263,0.896,0.876,-8.048,113.106
0.245,0,0.00192,0.482,0.968,0.000454,-4.395,114.001
0.156,0,2.21e-05,0.379,0.979,0.877,-3.77,140.029
0.431,0,2.05e-05,0.535,0.974,0.000149,-3.566,116.956
0.372,0,1.69e-05,0.329,0.993,0.641,-3.416,116.461
0.119,0,4.55e-05,0.162,0.957,0.867,-6.229,96.822
0.0637,0,5.41e-06,0.389,0.985,0.954,-2.795,135.019
0.334,0,0.00631,0.636,0.802,4.14e-05,-2.168,139.815
0.566,0,0.0145,0.716,0.972,3.22e-05,-2.302,110.026
0.232,0,0.0049,0.596,0.921,0.00019,-2.5,139.969
0.332,0,0.00075,0.616,0.946,0.0777,-2.876,127.992
0.493,0,0.0106,0.633,0.926,0.54,-4.749,140.037
0.22,0,0.0012,0.605,0.92,0.000596,-2.298,174.974
0.0622,0,0.654,0.176,0.479,0.591,-7.471,100.831
0.0703,0,0.218,0.385,0.404,1.57e-06,-6.999,146.128
0.396,0,0.328,0.68,0.593,0.0,-6.496,94.007
0.531,0,0.0171,0.726,0.889,0.00106,-4.251,119.983
0.198,0,0.773,0.741,0.219,2.84e-06,-11.944,101.78
0.431,0,0.498,0.587,0.554,0.000663,-7.212,80.013
0.174,0,2.54e-05,0.321,0.751,0.235,-4.655,110.182
0.275,0,0.263,0.697,0.692,0.0,-5.34,124.829
0.519,0,0.712,0.483,0.524,0.0,-3.92,91.878
0.261,0,0.285,0.498,0.436,0.0,-4.592,79.871
0.493,0,0.0262,0.635,0.575,0.00337,-8.8,159.913
0.93,0,0.364,0.819,0.677,0.0313,-5.703,94.975
0.327,0,0.564,0.676,0.508,0.000142,-7.515,106.015
0.24,0,0.873,0.657,0.427,0.0,-6.879,144.014
0.223,0,0.0989,0.483,0.747,0.000409,-4.363,80.117
0.572,0,0.264,0.62,0.529,0.0,-5.333,94.951
0.468,0,0.669,0.751,0.489,3.57e-06,-5.418,140.013
0.375,0,0.765,0.767,0.445,0.000727,-8.527,119.923
0.575,0,0.164,0.844,0.32,0.0,-9.532,125.927
0.397,0,0.253,0.743,0.886,0.00267,-3.503,109.961
0.655,0,0.107,0.54,0.408,0.000811,-11.899,159.813
0.184,0,0.224,0.657,0.536,0.00432,-7.073,119.95
0.621,0,0.532,0.549,0.451,3.44e-05,-10.302,85.296
0.286,0,0.859,0.762,0.277,0.0,-9.263,109.689
0.267,0,0.837,0.214,0.484,9.66e-05,-5.44,81.625
0.881,0,0.0219,0.63,0.684,0.00108,-6.74,142.952
0.241,0,0.806,0.35,0.347,4.37e-06,-6.154,146.661
0.729,0,0.439,0.892,0.443,0.0,-6.181,107.984
0.569,0,0.881,0.764,0.177,3.34e-05,-13.596,115.697
0.334,0,0.0117,0.432,0.761,2.88e-05,-4.126,138.004
0.283,0,0.423,0.7,0.425,1.72e-06,-9.52,95.058
0.0827,0,0.00922,0.453,0.678,5.11e-05,-7.291,131.936
0.125,0,0.414,0.574,0.51,0.000213,-7.63,121.989
0.818,0,0.705,0.894,0.161,0.0033,-14.311,104.968
0.825,0,0.368,0.717,0.844,1.93e-05,-5.363,110.023
0.718,0,0.289,0.712,0.625,0.0,-8.832,100.004
0.692,0,0.138,0.768,0.743,0.00128,-6.09,89.983
0.625,0,0.909,0.489,0.173,0.0,-9.827,121.054
0.516,0,0.508,0.597,0.575,0.0,-3.705,85.018
0.377,0,0.772,0.598,0.515,4.91e-06,-4.695,117.762
0.47,0,0.286,0.616,0.387,0.0,-6.079,81.856
0.378,0,0.0805,0.766,0.602,0.765,-8.388,100.042
0.33,0,0.804,0.792,0.15,1.3e-05,-15.644,83.625
0.584,0,0.805,0.709,0.29,0.0,-11.092,90.046
0.114,0,0.858,0.679,0.126,0.000102,-10.562,129.75
0.506,0,0.175,0.581,0.312,5.57e-05,-8.984,181.893
0.284,0,0.578,0.652,0.512,7.49e-06,-7.062,104.98
0.401,0,0.654,0.73,0.418,7.51e-05,-6.735,139.888
0.354,0,0.663,0.719,0.478,0.000886,-9.58,77.996
0.296,0,0.827,0.524,0.392,0.0,-8.938,145.88
0.342,0,0.503,0.41,0.648,0.0,-4.469,60.391
0.162,0,0.947,0.483,0.199,0.0,-11.37,78.103
0.731,0,0.461,0.59,0.568,0.0562,-8.332,153.113
0.471,0,0.302,0.696,0.521,0.0,-8.465,100.0
0.564,0,0.0752,0.504,0.705,0.0,-8.205,175.483
0.413,0,0.358,0.894,0.284,0.000487,-13.002,138.944
0.181,0,0.361,0.653,0.409,0.00012,-11.446,174.324
0.31,0,0.331,0.889,0.393,8.67e-06,-10.821,128.065
0.299,0,0.0451,0.592,0.701,0.0,-4.014,129.501
0.254,0,0.0242,0.589,0.658,0.0,-5.288,77.521
0.513,0,0.00375,0.7,0.693,0.0,-6.553,133.981
0.334,0,0.0415,0.37,0.87,0.0,-2.09,79.092
0.312,0,0.214,0.523,0.783,0.0,-3.755,117.264
0.393,0,0.00895,0.434,0.785,0.0,-4.169,106.926
0.399,0,0.0123,0.481,0.716,0.0,-5.996,78.829
0.35,0,0.00612,0.729,0.838,0.0,-4.476,136.869
0.448,0,0.00589,0.662,0.808,0.0,-3.06,76.493
0.298,0,0.00184,0.541,0.609,0.0,-3.715,158.314
0.159,0,0.0084,0.629,0.7,0.0,-6.212,85.814
0.615,0,0.0273,0.501,0.775,0.0,-6.248,85.929
0.516,0,0.00755,0.54,0.82,0.0,-3.824,78.063
0.703,0,0.0171,0.801,0.642,0.000946,-5.926,126.013
0.403,0,0.033,0.707,0.929,0.205,-4.199,123.004
0.16,0,0.306,0.696,0.795,7.72e-06,-4.892,126.186
0.679,0,0.00551,0.562,0.885,0.805,-3.096,145.06
0.335,0,0.0171,0.47,0.863,0.143,-6.52,170.137
0.706,0,0.0227,0.726,0.929,0.379,-7.146,123.036
0.331,0,0.00121,0.984,0.941,0.0539,-4.56,122.003
0.323,0,0.135,0.72,0.643,0.812,-7.691,122.012
0.278,0,0.00613,0.473,0.885,0.00023,-3.42,149.698
0.598,0,0.00101,0.466,0.943,0.0,-3.545,113.457
0.554,0,0.588,0.614,0.792,0.0,-3.528,154.823
0.682,0,0.00433,0.775,0.883,0.346,-5.83,125.006
0.0348,0,0.0362,0.67,0.792,0.881,-8.211,128.018
0.523,0,0.643,0.549,0.816,1.38e-06,-5.044,109.774
0.307,0,0.00145,0.715,0.964,0.468,-4.71,128.059
0.353,0,0.0771,0.466,0.849,2.89e-06,-3.85,183.76
0.615,0,0.000679,0.503,0.989,0.542,-0.787,174.012
0.328,0,0.00518,0.718,0.944,0.477,-5.041,125.004
0.423,0,0.0987,0.443,0.727,9.35e-06,-5.171,74.827
0.122,0,0.00576,0.396,0.821,0.000424,-3.826,171.927
0.479,0,0.044,0.597,0.832,2.96e-05,-5.48,162.03
0.428,0,0.291,0.675,0.929,0.00724,-2.578,140.006
0.474,0,0.0256,0.559,0.854,2.61e-06,-3.923,156.008
0.692,0,0.0235,0.714,0.851,0.00697,-3.387,128.004
0.454,0,0.325,0.531,0.769,0.0,-2.881,77.351
0.401,0,0.149,0.738,0.646,0.00157,-5.384,125.923
0.201,0,0.0214,0.587,0.772,0.698,-4.439,127.978
0.629,0,0.316,0.519,0.829,0.0,-5.121,123.659
0.304,0,0.139,0.718,0.89,0.00103,-3.931,124.943
0.639,0,0.474,0.871,0.893,0.852,-3.774,126.016
0.174,0,0.108,0.641,0.676,0.0,-4.461,119.108
0.335,0,0.265,0.677,0.778,0.0,-5.19,97.97
0.111,0,0.158,0.633,0.964,0.0159,-3.573,124.022
0.403,0,0.0144,0.529,0.739,0.000255,-5.356,149.915
0.53,0,0.282,0.738,0.818,0.000543,-3.652,139.998
0.564,0,0.0238,0.303,0.879,3.84e-05,-4.748,80.329
0.225,0,0.128,0.617,0.524,0.00438,-8.885,142.046
0.196,0,0.056,0.164,0.878,0.0617,-4.953,171.908
0.473,0,0.00129,0.823,0.815,0.0494,-3.947,125.989
0.206,0,0.0165,0.597,0.952,0.145,-3.586,127.907
0.579,0,0.0705,0.71,0.884,0.0,-1.258,149.995
0.679,0,0.00931,0.715,0.989,0.109,-1.723,128.054
0.209,0,0.0126,0.604,0.796,0.0,-2.416,127.991
0.411,0,0.00173,0.548,0.811,3.56e-05,-3.985,155.08
0.188,0,0.0509,0.546,0.737,1.68e-05,-3.794,97.9
0.508,0,0.125,0.72,0.746,0.000476,-5.567,124.045
0.338,0,0.000817,0.68,0.941,0.621,-8.093,124.035
0.217,0,0.0143,0.626,0.748,0.0,-5.899,121.067
0.382,0,0.0107,0.723,0.784,0.772,-5.547,128.027
0.263,0,0.131,0.522,0.86,0.0209,-3.773,128.019
0.811,0,0.0533,0.599,0.667,0.0,-4.267,80.984
0.694,0,0.0521,0.719,0.657,0.0,-4.588,122.02
0.41,0,0.00461,0.615,0.638,0.00979,-5.341,106.002
0.923,0,0.00647,0.695,0.818,4.87e-06,-5.379,119.965
0.5,0,0.00064,0.375,0.93,0.0,-2.631,147.124
0.655,0,0.166,0.766,0.771,2.51e-06,-4.358,113.946
0.443,0,0.0105,0.615,0.564,0.0,-6.384,103.006
0.809,0,0.0121,0.692,0.896,6.59e-05,-4.017,134.056
0.706,0,0.0771,0.709,0.782,4.71e-06,-3.526,102.032
0.458,0,0.000569,0.624,0.673,1.54e-06,-4.017,121.986
0.777,0,0.101,0.867,0.487,0.0,-5.872,101.959
0.465,0,0.217,0.62,0.713,3.3e-06,-4.753,137.957
0.38,0,0.57,0.629,0.572,0.0,-7.733,100.015
0.443,0,0.00377,0.61,0.747,0.0,-4.25,129.976
0.673,0,0.0156,0.841,0.639,0.0654,-6.052,99.002
0.648,0,0.186,0.509,0.712,0.0,-5.747,99.831
0.504,0,0.00466,0.722,0.614,0.0,-7.549,154.903
0.845,0,0.0506,0.776,0.741,0.0,-5.804,120.079
0.462,0,0.127,0.698,0.882,0.0,-3.078,106.083
0.685,0,0.267,0.732,0.629,0.0,-4.64,91.7
0.647,0,0.242,0.592,0.763,0.0,-3.334,180.084
0.539,0,0.393,0.602,0.707,0.0,-4.097,75.09
0.044,0,0.0219,0.568,0.69,2.3e-05,-5.034,130.12
0.501,0,0.0913,0.769,0.631,0.0,-6.769,100.968
0.195,0,0.0261,0.555,0.645,0.0,-5.799,140.911
0.313,0,0.0909,0.583,0.729,2.02e-05,-4.525,144.994
0.531,0,0.0182,0.836,0.71,2.23e-05,-5.185,119.952
0.321,0,0.0018,0.598,0.748,0.000196,-6.239,130.057
0.273,0,0.00477,0.585,0.614,0.000155,-5.594,114.059
0.586,0,0.214,0.626,0.695,0.0,-6.528,154.023
0.309,0,0.0418,0.505,0.705,0.0,-6.097,126.021
0.322,0,0.48,0.414,0.469,0.0,-7.583,139.401
0.263,0,0.0234,0.556,0.802,0.0,-5.089,176.003
0.411,0,0.242,0.587,0.659,0.0,-6.406,150.026
0.447,0,0.559,0.628,0.694,0.0,-3.909,130.057
0.205,0,0.92,0.442,0.124,0.605,-22.227,65.003
0.229,0,0.89,0.475,0.0588,0.0238,-17.464,115.642
0.23,0,0.915,0.487,0.135,0.00353,-11.211,105.854
0.159,0,0.922,0.535,0.107,0.649,-18.989,102.186
0.15,0,0.941,0.349,0.227,0.819,-12.298,100.449
0.171,0,0.935,0.428,0.187,0.853,-21.001,108.962
0.171,0,0.859,0.456,0.257,0.475,-16.877,104.311
0.0718,0,0.871,0.421,0.0867,0.429,-18.732,95.438
0.0728,0,0.95,0.34,0.237,0.927,-14.901,162.892
0.235,0,0.973,0.478,0.0757,0.939,-20.847,76.952
0.16,0,0.854,0.46,0.141,0.885,-14.994,168.807
0.259,0,0.957,0.356,0.0937,0.096,-16.64,86.669
0.186,0,0.974,0.385,0.0562,0.532,-14.812,116.666
0.154,0,0.958,0.4,0.144,0.878,-15.52,120.329
0.066,0,0.967,0.296,0.0709,0.804,-14.832,95.028
0.227,0,0.914,0.425,0.136,0.921,-17.382,168.527
0.0728,0,0.988,0.479,0.146,0.692,-14.319,111.643
0.0877,0,0.886,0.466,0.0753,0.927,-18.864,87.791
0.276,0,0.986,0.371,0.0295,0.937,-22.038,82.313
0.155,0,0.94,0.317,0.0302,0.298,-30.447,47.859
0.205,0,0.946,0.505,0.159,0.0127,-11.235,59.385
0.296,0,0.929,0.55,0.249,0.828,-15.919,121.37
0.0591,0,0.623,0.47,0.156,0.187,-17.036,118.176
0.19,0,0.992,0.447,0.163,0.776,-14.835,74.933
0.22,0,0.921,0.445,0.223,0.884,-17.402,110.821
0.155,0,0.81,0.421,0.0161,0.0021,-25.358,110.926
0.311,0,0.99,0.326,0.0575,0.887,-16.5,127.397
0.176,0,0.87,0.446,0.242,0.497,-14.152,126.681
0.173,0,0.823,0.526,0.17,0.777,-13.089,117.414
0.172,0,0.965,0.445,0.0978,0.915,-26.924,117.283
0.103,0,0.924,0.533,0.148,0.932,-18.275,63.637
0.0999,0,0.761,0.383,0.131,0.194,-17.764,98.606
0.102,0,0.846,0.569,0.117,0.852,-22.741,60.483
0.38,0,0.961,0.484,0.0291,0.474,-23.363,98.434
0.192,0,0.986,0.388,0.0354,0.956,-25.766,143.514
0.0581,0,0.857,0.364,0.114,0.635,-16.552,117.715
0.257,0,0.967,0.539,0.0678,0.168,-18.039,124.105
0.0906,0,0.971,0.45,0.0437,0.88,-29.46,63.938
0.132,0,0.886,0.386,0.125,0.878,-19.892,78.553
0.108,0,0.868,0.42,0.105,0.587,-20.502,99.873
0.312,0,0.971,0.428,0.212,0.73,-15.442,98.096
0.0623,0,0.96,0.32,0.156,0.904,-12.258,159.618
0.0746,0,0.96,0.411,0.0416,0.925,-23.23,97.96
0.134,0,0.748,0.52,0.0748,0.633,-24.477,107.327
0.0513,0,0.905,0.42,0.0802,0.857,-21.795,122.041
0.0621,0,0.912,0.399,0.307,0.623,-14.38,116.308
0.221,0,0.937,0.428,0.3,0.658,-8.885,122.667
0.19,0,0.717,0.423,0.158,0.0075,-15.59,106.974
0.198,0,0.93,0.336,0.328,0.732,-15.005,184.007
0.19,0,0.903,0.257,0.216,0.134,-16.266,65.125
0.172,0,0.901,0.368,0.14,0.874,-15.005,61.758
0.0706,0,0.195,0.323,0.118,0.694,-22.751,79.554
0.289,0,0.978,0.575,0.0935,0.452,-15.906,65.23
0.183,0,0.91,0.421,0.0967,0.415,-16.441,77.401
0.246,0,0.936,0.358,0.16,0.34,-12.658,179.955
0.152,0,0.918,0.331,0.0861,0.902,-21.226,107.436
0.473,0,0.971,0.633,0.12,0.871,-20.066,115.51
0.121,0,0.899,0.461,0.0389,0.015,-20.482,109.374
0.125,0,0.827,0.458,0.217,0.805,-16.582,107.506
0.189,0,0.972,0.448,0.0532,0.876,-27.35,99.757
0.368,0,0.97,0.509,0.0461,0.911,-10.693,132.709
0.128,0,0.949,0.386,0.148,0.792,-18.921,94.88
0.23,0,0.973,0.407,0.106,0.0762,-19.078,94.231
0.301,0,0.967,0.384,0.0544,0.964,-19.791,181.262
0.235,0,0.978,0.514,0.0814,0.00873,-17.149,64.97
0.622,0,0.577,0.848,0.465,0.0543,-9.029,94.02
0.89,0,0.144,0.736,0.616,2.29e-06,-8.016,101.966
0.879,0,0.652,0.865,0.548,0.0161,-7.379,109.989
0.561,0,0.311,0.677,0.738,0.000144,-6.287,98.963
0.85,0,0.273,0.784,0.587,0.0107,-6.361,107.999
0.289,0,0.83,0.534,0.582,0.0,-6.22,186.346
0.932,0,0.826,0.876,0.301,0.0,-7.866,69.009
0.592,0,0.791,0.718,0.315,0.0,-13.869,96.981
0.673,0,0.0071,0.498,0.721,0.0,-6.695,93.31
0.947,0,0.0336,0.89,0.891,0.0,-5.542,119.993
0.441,0,0.649,0.603,0.355,0.0,-9.624,111.405
0.598,0,0.519,0.567,0.436,0.0,-9.45,97.206
0.935,0,0.147,0.554,0.844,7.27e-06,-7.763,159.119
0.972,0,0.461,0.873,0.511,1.22e-06,-12.303,127.93
0.545,0,0.741,0.941,0.256,1.06e-05,-11.478,110.082
0.722,0,0.809,0.802,0.288,0.0,-11.372,119.882
0.851,0,0.278,0.693,0.578,1.52e-06,-11.129,78.158
0.183,0,0.995,0.471,0.0148,0.934,-33.097,102.271
0.0855,0,0.915,0.277,0.0156,0.00654,-24.801,117.119
0.0857,0,0.995,0.333,0.0288,0.819,-31.367,100.189
0.205,0,0.971,0.338,0.0539,0.328,-21.863,103.861
0.0588,0,0.953,0.156,0.023,0.338,-31.082,140.715
0.199,0,0.993,0.294,0.142,0.912,-20.374,94.296
0.0484,0,0.913,0.152,0.0626,0.00204,-20.947,137.174
0.0559,0,0.983,0.236,0.0632,0.452,-21.189,133.959
0.0886,0,0.951,0.173,0.0619,0.526,-20.788,72.695
0.119,0,0.991,0.295,0.0918,0.884,-22.769,98.939
0.518,0,0.0841,0.757,0.867,0.0992,-2.529,125.962
0.487,0,0.0319,0.514,0.862,0.171,-6.329,126.112
0.239,0,0.0682,0.412,0.83,0.00739,-4.976,127.894
0.281,0,0.00623,0.654,0.728,0.404,-8.477,130.006
0.102,0,0.043,0.638,0.828,0.0,-4.53,122.037
0.16,0,0.0316,0.591,0.881,0.00203,-4.073,128.076
0.292,0,0.059,0.624,0.732,0.0142,-6.372,132.025
0.311,0,0.282,0.369,0.801,0.0,-5.302,128.09
0.0727,0,0.0058,0.704,0.962,0.128,-3.095,127.997
0.19,0,0.141,0.48,0.878,0.0,-6.59,136.006
0.354,0,0.0086,0.707,0.471,0.00839,-7.667,125.014
0.247,0,0.00732,0.623,0.975,0.16,-2.632,125.94
0.213,0,0.00837,0.184,0.871,0.167,-3.245,127.972
0.617,0,0.024,0.691,0.951,0.0412,-4.989,126.989
0.167,0,0.00259,0.66,0.652,0.0,-4.747,127.977
0.113,0,0.00338,0.569,0.896,0.958,-3.114,128.083
0.766,0,0.00689,0.798,0.809,0.0765,-5.898,120.044
0.211,0,0.475,0.539,0.936,0.104,-3.803,128.015
0.234,0,0.00695,0.583,0.748,0.0241,-4.798,142.029
0.577,0,0.0362,0.56,0.916,0.000963,-3.328,144.933
0.406,0,0.0144,0.507,0.665,0.0,-7.598,126.879
0.222,0,0.00164,0.703,0.684,0.000378,-6.532,126.027
0.114,0,0.00136,0.526,0.861,0.732,-5.871,128.032
0.132,0,0.0124,0.412,0.871,0.000128,-4.893,125.043
0.394,0,0.0168,0.737,0.614,0.0534,-6.001,127.987
0.0744,0,8.45e-05,0.649,0.706,0.831,-7.209,128.032
0.564,0,0.0896,0.49,0.811,0.0,-2.524,125.965
0.0605,0,0.00429,0.502,0.756,0.769,-6.118,128.125
0.667,0,0.241,0.713,0.81,0.0,-3.353,130.006
0.208,0,0.00338,0.575,0.913,0.816,-6.081,128.014
0.763,0,0.0375,0.747,0.877,0.000833,-3.782,107.991
0.483,0,0.021,0.719,0.81,0.672,-4.769,126.033
0.185,0,0.0732,0.509,0.729,2.73e-05,-4.773,127.871
0.293,0,0.0663,0.393,0.94,0.00264,-3.894,129.958
0.47,0,0.0534,0.605,0.873,0.837,-5.938,126.026
0.161,0,0.0291,0.589,0.651,3.2e-06,-5.097,90.011
0.212,0,0.0344,0.561,0.771,0.000151,-5.533,128.025
0.331,0,0.09,0.692,0.898,0.941,-5.276,127.993
0.352,0,0.00233,0.672,0.785,0.127,-4.473,122.999
0.463,0,0.00626,0.691,0.721,0.000562,-6.206,117.021
0.197,0,0.000552,0.841,0.673,0.419,-7.361,127.006
0.349,0,0.031,0.51,0.747,0.0,-4.124,125.951
0.182,0,0.0583,0.516,0.786,1.77e-06,-5.514,130.069
0.271,0,0.00346,0.723,0.809,0.00123,-3.081,98.007
0.57,0,0.00354,0.568,0.928,0.0211,-3.556,122.997
0.144,0,0.0028,0.476,0.815,0.00593,-5.073,127.964
0.157,0,0.00388,0.605,0.642,0.598,-7.002,125.967
0.364,0,0.0856,0.605,0.884,0.000162,-3.094,125.989
0.141,0,0.00273,0.408,0.849,3.04e-05,-5.284,174.029
0.0473,0,0.00158,0.598,0.534,0.124,-5.666,115.005
0.102,0,0.0344,0.529,0.955,4.55e-05,-2.59,125.988
0.236,0,0.00481,0.475,0.838,0.0,-2.948,127.921
0.561,0,0.0111,0.668,0.977,0.17,-2.673,128.06
0.533,0,0.0178,0.69,0.841,0.79,-5.592,130.052
0.39,0,0.0268,0.624,0.923,0.000228,-5.449,124.994
0.356,0,0.0711,0.719,0.737,0.00285,-5.219,127.991
0.558,0,0.0107,0.631,0.893,0.00632,-5.123,130.015
0.23,0,0.0024,0.54,0.933,0.954,-6.784,123.988
0.255,0,0.306,0.546,0.772,0.0,-5.311,127.942
0.326,0,0.00281,0.608,0.878,4.83e-06,-3.631,128.069
0.482,0,0.0294,0.591,0.649,0.0,-6.72,90.002
0.644,0,0.0314,0.559,0.882,1.71e-05,-4.281,126.064
0.392,0,0.0243,0.631,0.838,0.0,-6.817,127.938
0.185,0,0.0002,0.55,0.747,1.44e-06,-6.897,128.014
0.551,0,0.0082,0.581,0.526,0.000369,-7.584,166.151
0.933,0,0.0359,0.761,0.639,0.0,-7.577,164.088
0.814,0,0.157,0.715,0.721,1.75e-06,-5.622,86.26
0.81,0,0.27,0.67,0.348,0.0,-12.229,113.306
0.0995,0,0.0757,0.572,0.853,0.0,-3.203,171.297
0.365,0,0.114,0.858,0.697,0.0,-5.361,98.012
0.4,0,0.000175,0.537,0.624,2.2e-06,-8.794,102.315
0.879,0,0.0583,0.688,0.835,2.87e-06,-4.162,84.858
0.518,0,0.00436,0.578,0.909,0.00128,-3.672,87.983
0.275,0,0.00107,0.507,0.918,8.7e-06,-4.684,92.006
0.509,0,0.0765,0.54,0.661,0.0,-5.534,90.012
0.404,0,0.00278,0.231,0.791,0.00055,-4.297,87.337
0.339,0,4.82e-05,0.409,0.992,2.03e-06,-2.803,149.859
0.462,0,0.000285,0.458,0.99,0.000893,-3.717,166.904
0.146,0,4.24e-05,0.396,0.912,0.631,-4.026,125.923
0.247,0,1.85e-05,0.55,0.917,0.214,-4.575,109.552
0.267,0,6.04e-05,0.505,0.985,1.02e-05,-4.401,119.993
0.457,0,2.79e-05,0.351,0.915,0.0725,-4.53,184.815
0.258,0,0.00267,0.442,0.892,7.92e-06,-6.431,151.914
0.318,0,0.000353,0.42,0.929,0.000747,-3.899,127.204
0.691,0,0.0245,0.623,0.886,0.0,-3.044,92.021
0.615,0,0.00643,0.585,0.757,0.0,-5.424,109.781
0.563,0,0.0154,0.559,0.895,0.0,-4.476,183.825
0.365,0,0.00172,0.542,0.905,0.0104,-5.653,153.398
0.482,0,0.122,0.7,0.714,0.0,-6.295,99.909
0.5,0,0.119,0.64,0.533,0.0,-6.596,99.968
0.205,0,0.687,0.393,0.505,0.0,-7.048,163.938
0.458,0,0.0109,0.599,0.677,8.04e-06,-4.722,81.021
0.496,0,0.0576,0.591,0.866,0.0,-2.877,86.981
0.709,0,0.0109,0.616,0.91,0.0,-3.316,150.038
0.47,0,0.0197,0.593,0.814,0.0,-4.802,146.919
0.48,0,0.000501,0.581,0.86,0.0,-3.459,122.941
0.72,0,0.0123,0.428,0.781,1.47e-05,-5.032,82.353
0.508,0,0.799,0.66,0.255,0.0,-9.79,103.087
0.464,0,0.474,0.672,0.396,0.0,-9.489,130.015
0.504,0,0.292,0.862,0.351,0.0,-11.793,124.964
0.686,0,0.436,0.696,0.439,0.0,-9.438,135.925
0.459,0,0.167,0.631,0.591,0.0,-7.669,137.917
0.566,0,0.00634,0.637,0.507,0.0,-9.59,105.932
0.494,0,0.226,0.546,0.522,0.0,-7.113,117.299
0.521,0,0.0784,0.593,0.872,0.0,-4.525,91.964
0.773,0,0.112,0.688,0.795,0.0,-6.161,125.044
0.353,0,0.114,0.586,0.896,0.0,-4.572,94.954
0.769,0,0.101,0.403,0.883,0.0,-3.385,202.013
0.655,0,0.0987,0.614,0.857,0.0,-4.171,164.146
0.608,0,0.0735,0.531,0.771,0.0,-6.162,159.973
0.84,0,0.0273,0.599,0.888,0.0,-2.931,121.05
0.852,0,0.178,0.644,0.842,0.0,-4.787,99.05
0.689,0,0.0671,0.543,0.852,0.0,-3.737,129.023
0.292,0,0.219,0.638,0.705,0.0,-4.47,91.961
0.604,0,0.0196,0.437,0.802,0.0,-5.709,121.387
0.731,0,0.000479,0.695,0.579,0.0,-5.066,88.957
0.717,0,0.0117,0.85,0.398,0.0,-9.816,99.717
0.596,0,0.0453,0.841,0.552,0.00154,-10.345,99.018
0.561,0,0.409,0.618,0.688,6.32e-06,-5.867,78.311
0.57,0,0.0029,0.583,0.681,6.03e-05,-8.152,188.256
0.717,0,0.067,0.829,0.652,0.0,-8.693,99.581
0.204,0,0.396,0.635,0.53,0.0,-8.1,116.631
0.879,0,0.267,0.809,0.522,1.97e-05,-8.747,99.001
0.453,0,0.074,0.642,0.421,0.0,-9.32,74.849
0.248,0,0.105,0.563,0.487,0.0,-7.775,142.53
0.561,0,0.468,0.578,0.375,0.0,-12.951,89.605
0.162,0,0.499,0.571,0.447,0.0,-8.757,75.019
0.49,0,0.0788,0.873,0.591,0.0071,-8.942,123.091
0.918,0,0.135,0.729,0.914,0.000672,-4.043,127.907
0.681,0,0.0264,0.815,0.944,0.00038,-6.698,115.219
0.815,0,0.0198,0.571,0.87,6.6e-06,-3.877,172.716
0.462,0,0.3,0.55,0.563,0.0,-7.019,166.004
0.906,0,0.0479,0.647,0.87,0.0,-4.702,165.103
0.298,0,0.44,0.468,0.535,0.0,-8.264,168.001
0.865,0,0.0743,0.754,0.946,0.000391,-2.149,112.042
0.875,0,0.0412,0.841,0.866,0.0,-6.342,119.941
0.806,0,0.00799,0.685,0.872,0.0,-6.939,110.046
0.8,0,0.16,0.773,0.801,0.0,-5.562,98.205
0.893,0,0.066,0.798,0.862,1.65e-06,-4.95,100.031
0.35,0,0.0877,0.527,0.578,0.0,-6.012,162.11
0.395,0,0.0563,0.729,0.561,0.0,-7.162,95.981
0.732,0,0.117,0.697,0.856,0.0,-4.439,104.202
0.486,0,0.24,0.683,0.687,0.0,-5.833,99.035
0.668,0,0.245,0.634,0.624,0.0,-5.095,167.992
0.529,0,0.252,0.571,0.77,0.0,-5.46,96.09
0.919,0,0.0522,0.862,0.479,0.00126,-9.199,109.878
0.779,0,0.397,0.66,0.707,0.0,-5.758,89.279
0.864,0,0.31,0.596,0.661,0.0,-6.239,129.491
0.595,0,0.26,0.725,0.487,1.09e-05,-5.959,136.086
0.668,0,0.00819,0.651,0.645,0.0,-6.741,96.394
0.587,0,0.273,0.699,0.592,0.0,-8.298,94.933
0.458,0,0.304,0.654,0.564,0.0,-7.186,86.948
0.6,0,0.265,0.622,0.503,0.000473,-6.417,93.984
0.187,0,0.117,0.634,0.528,2.26e-06,-8.834,128.0
0.857,0,0.0786,0.779,0.711,2.4e-05,-4.054,96.472
0.641,0,0.0058,0.686,0.952,0.00333,-5.169,104.889
0.327,0,0.0565,0.78,0.69,8.19e-05,-4.958,98.002
0.731,0,0.207,0.833,0.677,3.92e-06,-6.413,132.876
0.2,0,0.00373,0.592,0.562,3.23e-05,-6.869,90.16
0.36,0,0.243,0.652,0.473,0.0,-7.981,123.208
0.415,0,0.0862,0.621,0.579,0.0,-8.574,82.897
0.734,0,0.0925,0.685,0.784,0.0,-4.971,90.89
0.528,0,0.0772,0.733,0.744,0.0,-3.51,92.515
0.292,0,0.0138,0.701,0.457,0.0,-8.562,127.925
0.34,0,0.218,0.408,0.582,0.0,-8.305,114.926
0.654,0,0.0227,0.816,0.5,1.53e-06,-4.551,124.037
0.652,0,0.257,0.662,0.507,0.0,-8.238,86.412
0.586,0,0.466,0.635,0.54,0.0,-8.122,99.99
0.595,0,0.163,0.622,0.593,0.0,-8.352,94.364
0.919,0,0.00541,0.538,0.677,0.0,-6.099,132.346
0.738,0,0.273,0.713,0.678,0.0,-3.525,138.009
0.683,0,0.00543,0.771,0.685,0.00157,-4.639,88.997
0.932,0,0.362,0.73,0.602,3.69e-06,-3.782,97.954
0.455,0,0.139,0.845,0.576,0.0,-5.15,127.641
0.769,0,0.102,0.721,0.723,4.4e-06,-7.08,88.933
0.254,0,0.0382,0.518,0.666,2.47e-05,-5.306,130.048
0.283,0,0.201,0.415,0.661,0.0,-4.629,156.177
0.441,0,0.245,0.319,0.664,0.0,-4.85,112.377
0.153,0,0.787,0.386,0.248,1.49e-06,-11.42,106.259
0.69,0,0.0193,0.439,0.906,0.0,-4.8,161.905
0.773,0,0.789,0.764,0.348,0.0,-7.98,119.651
0.463,0,0.214,0.685,0.607,0.0,-5.301,125.011
0.231,0,0.413,0.454,0.521,0.0,-4.143,72.28
0.354,0,0.831,0.4,0.337,0.0,-7.404,108.196
0.71,0,0.789,0.664,0.32,0.0,-7.356,141.916
0.246,0,0.268,0.562,0.659,0.0,-5.234,87.539
0.531,0,0.74,0.637,0.659,0.0,-6.964,102.029
0.396,0,0.962,0.47,0.271,0.0,-8.335,129.623
0.724,0,0.126,0.758,0.699,0.0,-4.217,95.011
0.486,0,0.0269,0.704,0.604,0.0,-4.865,115.48
0.519,0,0.39,0.712,0.62,0.0,-4.187,99.953
0.545,0,0.00406,0.616,0.709,2.56e-06,-6.134,122.984
0.513,0,0.771,0.658,0.566,0.0,-6.179,80.035
0.519,0,0.0305,0.555,0.79,0.0,-5.777,79.016
0.767,0,0.0278,0.51,0.708,3.86e-06,-3.092,188.058
0.238,0,0.0273,0.487,0.759,0.0,-4.849,80.958
0.431,0,0.0901,0.635,0.977,2.61e-06,-3.213,111.955
0.404,0,0.0637,0.406,0.638,0.0,-6.085,177.916
0.28,0,0.0368,0.277,0.604,0.0,-3.778,199.519
0.51,0,0.19,0.776,0.507,0.0,-5.752,98.051
0.489,0,0.122,0.498,0.586,0.0,-5.936,81.945
0.402,0,0.466,0.657,0.485,0.0,-5.634,135.805
0.647,0,0.104,0.652,0.621,5.3e-06,-8.677,169.983
0.246,0,0.152,0.494,0.542,0.0,-6.995,81.34
0.763,0,0.0458,0.732,0.772,0.0,-7.974,130.14
0.452,0,0.00411,0.557,0.796,0.0,-4.147,127.999
0.5,0,0.211,0.627,0.669,2.72e-06,-9.985,94.029
0.354,0,0.429,0.616,0.401,0.0,-7.318,143.75
0.331,0,0.00486,0.586,0.637,2.97e-06,-6.621,88.025
0.751,0,0.00397,0.763,0.569,7.85e-05,-5.585,122.988
0.494,0,0.256,0.539,0.658,0.0,-5.109,136.357
0.558,0,0.4,0.679,0.657,0.0,-9.897,97.8
0.677,0,0.0156,0.627,0.871,4.63e-06,-4.403,129.059
0.331,0,0.828,0.717,0.32,0.0,-8.393,107.946
0.466,0,0.41,0.694,0.472,0.0,-8.62,95.002
0.305,0,0.299,0.51,0.602,0.0,-6.317,148.077
0.141,0,0.382,0.428,0.514,0.0,-5.021,135.819
0.662,0,0.45,0.551,0.527,0.0,-7.119,133.758
0.473,0,0.0136,0.523,0.828,0.000255,-4.696,96.952
0.725,0,0.00509,0.571,0.89,0.0,-1.6,110.958
0.743,0,0.0535,0.5,0.802,0.0,-4.205,174.039
0.467,0,0.000668,0.493,0.956,0.0,-4.221,160.006
0.882,0,0.00216,0.659,0.9,0.0,-4.856,118.04
0.856,0,0.0236,0.92,0.654,0.0158,-3.051,117.046
0.918,0,0.0491,0.779,0.867,7.98e-06,-3.704,138.858
0.953,0,0.11,0.758,0.927,0.0285,-2.768,115.076
0.497,0,0.0367,0.608,0.816,0.000554,-5.926,114.484
0.268,0,0.43,0.794,0.798,1.15e-05,-5.639,100.338
0.96,0,0.23,0.888,0.815,0.000424,-4.909,127.273
0.533,0,0.00388,0.492,0.797,0.0,-4.666,79.513
0.45,0,0.107,0.632,0.518,0.0,-6.126,90.007
0.655,0,0.143,0.658,0.696,0.0,-4.293,85.998
0.452,0,0.0371,0.672,0.819,0.000184,-4.457,120.013
0.168,0,0.309,0.421,0.407,0.000961,-7.445,139.028
0.595,0,0.0345,0.589,0.83,0.0,-5.547,94.999
0.441,0,0.00159,0.642,0.823,0.0,-5.717,122.977
0.455,0,0.106,0.677,0.437,0.0,-7.413,108.054
0.199,0,0.845,0.24,0.16,0.0,-14.213,92.742
0.608,0,0.0647,0.575,0.886,0.000187,-5.182,96.308
0.813,0,0.197,0.794,0.891,9.04e-05,-6.918,104.315
0.488,0,0.0029,0.555,0.63,0.00681,-13.11,128.661
0.779,0,0.307,0.556,0.517,0.00115,-8.769,169.938
0.123,0,0.413,0.625,0.426,0.0,-8.392,110.018
0.265,0,0.0704,0.689,0.677,0.0,-6.36,153.919
0.887,0,0.0117,0.852,0.563,1.96e-05,-8.663,92.112
0.546,0,0.371,0.814,0.431,0.0,-9.125,129.957
0.241,0,0.0527,0.701,0.383,0.0,-9.016,135.877
0.411,0,0.415,0.773,0.309,0.00014,-8.5,128.105
0.181,0,0.311,0.657,0.456,0.0,-8.917,115.4
0.762,0,0.00947,0.739,0.947,2.99e-05,-1.915,88.009
0.139,0,0.259,0.534,0.642,0.0,-3.971,92.963
0.255,0,0.784,0.485,0.332,0.000122,-9.244,130.813
0.352,0,0.965,0.71,0.0565,0.0,-15.099,123.994
0.771,0,0.524,0.849,0.531,0.0,-5.534,91.927
0.336,0,0.622,0.413,0.439,0.00562,-8.537,97.942
0.381,0,0.904,0.513,0.274,9.27e-06,-13.577,129.834
0.352,0,0.701,0.447,0.288,1.56e-06,-9.131,139.522
0.461,0,0.265,0.546,0.76,7.47e-05,-6.763,151.456
0.255,0,0.286,0.614,0.549,2.64e-06,-6.986,77.926
0.585,0,0.0299,0.604,0.841,0.00382,-5.145,138.976
0.234,0,0.859,0.606,0.411,0.00247,-11.765,117.819
0.307,0,0.323,0.661,0.544,0.0222,-11.193,139.012
0.453,0,0.395,0.644,0.523,0.0,-7.66,95.966
0.395,0,0.208,0.645,0.52,0.0,-7.417,169.986
0.451,0,0.0897,0.499,0.94,7.28e-05,-2.741,112.02
0.41,0,0.185,0.52,0.497,0.00785,-9.925,148.895
0.571,0,0.0754,0.655,0.873,0.0,-4.992,130.018
0.387,0,0.245,0.602,0.771,0.0,-4.494,125.024
0.187,0,0.266,0.626,0.601,0.00405,-6.4,120.046
0.312,0,0.58,0.599,0.699,0.276,-7.588,120.927
0.687,0,0.0331,0.678,0.783,1.51e-05,-4.672,102.0
0.667,0,0.0816,0.611,0.487,0.116,-10.629,105.034
0.0378,0,0.994,0.206,0.0347,0.828,-25.351,67.584
0.735,0,0.00832,0.64,0.864,0.0,-6.576,102.026
0.772,0,0.211,0.581,0.817,1.42e-06,-6.542,141.607
0.83,0,0.00162,0.543,0.912,2.1e-06,-10.71,103.731
0.581,0,9.24e-05,0.547,0.693,5.46e-05,-8.786,119.567
0.505,0,0.00117,0.464,0.785,1.46e-06,-7.42,153.005
0.78,0,0.000372,0.615,0.657,0.0204,-6.873,109.95
0.501,0,0.00131,0.417,0.946,0.0,-4.056,95.245
0.727,0,0.171,0.618,0.896,0.0,-5.357,113.961
0.474,0,0.00913,0.638,0.666,0.000843,-7.056,100.01
0.869,0,0.00468,0.499,0.873,0.0,-3.902,142.726
0.934,0,0.0108,0.743,0.67,0.0702,-4.547,110.832
0.601,0,0.0558,0.6,0.811,6.82e-06,-7.693,124.303
0.459,0,0.0067,0.42,0.672,0.0,-7.902,168.019
0.509,0,0.16,0.561,0.555,0.0,-9.734,134.369
0.643,0,0.000891,0.481,0.94,0.0,-5.204,96.493
0.868,0,0.417,0.566,0.804,0.0,-5.783,149.989
0.596,0,0.0437,0.637,0.846,0.0,-3.663,103.119
0.69,0,0.114,0.483,0.818,0.0,-7.666,175.668
0.895,0,0.219,0.701,0.261,0.0,-19.846,97.042
0.781,0,0.00971,0.498,0.685,0.775,-11.795,112.49
0.493,0,0.00133,0.291,0.79,5.61e-06,-5.683,155.667
0.646,0,0.0271,0.48,0.891,3.24e-06,-5.001,123.961
0.372,0,0.25,0.58,0.575,1.83e-05,-7.72,92.934
0.903,0,0.35,0.926,0.916,6.17e-06,-2.221,110.007
0.965,0,0.0584,0.967,0.583,0.0,-5.562,117.0
0.616,0,0.0823,0.741,0.748,0.0,-6.299,127.965
0.887,0,0.185,0.757,0.725,5.56e-05,-4.86,92.96
0.919,0,0.173,0.618,0.794,0.000226,-6.985,175.822
0.82,0,0.139,0.671,0.727,0.0,-7.585,102.358
0.604,0,0.0251,0.743,0.675,0.000717,-4.267,92.909
0.668,0,0.0661,0.639,0.849,0.02,-5.474,90.562
0.713,0,0.00129,0.494,0.946,0.0,-2.757,103.408
0.876,0,0.101,0.768,0.864,0.0,-6.145,110.008
0.784,0,0.0028,0.686,0.915,7.16e-06,-4.447,110.054
0.755,0,0.313,0.593,0.642,0.000582,-7.284,76.403
0.361,0,0.25,0.295,0.593,0.0,-7.572,85.482
0.516,0,1.92e-05,0.439,0.931,1.21e-05,-2.59,135.944
0.96,0,0.16,0.609,0.923,4.73e-06,-3.908,115.996
0.449,0,0.161,0.667,0.728,0.0,-5.476,99.014
0.785,0,0.43,0.566,0.705,0.0,-7.569,168.152
0.962,0,0.0534,0.748,0.939,0.0,-4.288,104.001
0.964,0,0.0962,0.72,0.898,0.0,-3.701,143.431
0.616,0,0.0449,0.706,0.893,1.04e-06,-4.355,108.006
0.808,0,0.153,0.831,0.921,0.00213,-2.383,108.002
0.57,0,0.0863,0.675,0.553,7.58e-06,-7.775,90.02
0.758,0,0.363,0.622,0.692,0.000158,-6.97,112.053
0.461,0,0.000501,0.749,0.745,0.00403,-10.625,101.972
0.527,0,0.0296,0.6,0.931,7.1e-05,-4.647,140.123
0.608,0,0.0475,0.559,0.868,0.000176,-5.276,156.295
0.268,0,0.632,0.631,0.363,4.64e-05,-14.331,138.367
0.767,0,0.284,0.778,0.824,0.0,-5.892,100.024
0.552,0,0.00542,0.875,0.631,2.54e-06,-3.475,120.002
0.471,0,0.00281,0.633,0.976,1.29e-05,-5.362,142.027
0.826,0,0.101,0.835,0.687,0.0,-3.18,94.059
0.558,0,0.0446,0.853,0.676,3.37e-05,-5.533,122.65
0.614,0,0.0559,0.514,0.911,0.0,-2.027,161.109
0.774,0,0.00125,0.649,0.815,4.31e-05,-3.796,126.03
0.859,0,0.265,0.793,0.832,6.84e-06,-4.861,107.647
0.769,0,0.12,0.851,0.806,1.39e-06,-4.618,119.002
0.43,0,0.0572,0.585,0.776,7.74e-06,-5.898,77.987
0.929,0,0.132,0.658,0.781,0.0,-8.759,168.883
0.853,0,0.121,0.81,0.885,3.39e-06,-10.116,107.024
0.853,0,0.0174,0.757,0.902,6.04e-06,-6.747,130.05
0.949,0,0.00599,0.618,0.96,0.0,-6.382,131.988
0.964,0,0.0561,0.766,0.725,0.0,-6.36,121.797
0.954,0,0.00733,0.845,0.768,5.04e-06,-5.448,100.0
0.68,0,0.0581,0.64,0.947,0.0,-3.925,145.108
0.237,0,0.0803,0.524,0.429,1.37e-05,-10.064,131.206
0.402,0,0.573,0.498,0.467,0.0,-7.283,117.78
0.652,0,0.284,0.672,0.709,0.000608,-7.884,98.972
0.49,0,0.674,0.528,0.271,0.0,-12.762,136.08
0.142,0,0.453,0.511,0.453,0.000212,-6.803,138.309
0.495,0,0.342,0.53,0.445,4.28e-06,-10.907,77.092
0.0384,0,0.707,0.433,0.364,3.75e-06,-8.842,98.981
0.81,0,0.267,0.563,0.847,0.0,-6.19,82.757
0.967,0,0.25,0.764,0.811,0.000112,-5.245,95.024
0.413,0,0.00754,0.653,0.933,0.0,-6.041,132.965
0.966,0,0.422,0.927,0.721,4.36e-05,-12.561,103.018
0.963,0,0.16,0.85,0.623,0.523,-12.256,119.891
0.776,0,0.441,0.762,0.705,0.0,-5.082,119.439
0.733,0,0.0336,0.959,0.545,0.0,-14.855,115.266
0.728,0,0.154,0.664,0.679,0.000307,-9.08,104.851
0.575,0,0.719,0.836,0.395,1.4e-05,-12.015,104.058
0.545,0,0.537,0.191,0.664,1.23e-06,-4.125,203.822
0.524,0,0.00769,0.771,0.812,0.0013,-6.113,97.721
0.809,0,0.0588,0.653,0.748,0.0,-6.323,172.008
0.262,0,0.721,0.366,0.363,0.000636,-9.768,132.758
0.627,0,0.00513,0.685,0.948,0.00347,-5.182,104.881
0.298,0,0.677,0.423,0.655,0.0,-5.374,103.72
0.974,0,0.483,0.687,0.724,0.0,-4.206,139.705
0.893,0,0.00141,0.895,0.883,0.000383,-8.919,131.644
0.684,0,0.0459,0.616,0.91,0.0,-3.004,144.073
0.512,0,0.288,0.668,0.897,0.0,-3.982,95.952
0.462,0,0.0364,0.549,0.576,1.94e-06,-6.282,118.709
0.707,0,0.141,0.615,0.403,0.0,-17.264,80.171
0.818,0,0.0423,0.854,0.903,0.00576,-6.821,131.02
0.52,0,0.00135,0.446,0.764,0.0,-5.042,172.094
0.615,0,0.000204,0.614,0.873,0.504,-6.353,132.074
0.55,0,8.67e-05,0.485,0.911,0.0,-5.749,89.956
0.884,0,0.000102,0.446,0.9,1.89e-05,-3.541,187.961
0.837,0,0.0707,0.947,0.829,0.0,-5.337,129.991
0.393,0,0.17,0.466,0.72,0.0,-6.105,139.87
0.38,0,0.342,0.591,0.75,0.363,-6.599,149.931
0.347,0,0.00574,0.682,0.812,0.0,-2.691,104.891
0.173,0,0.181,0.585,0.612,1.03e-05,-8.341,77.487
0.81,0,0.00194,0.616,0.908,0.00235,-6.867,92.984
0.963,0,0.626,0.682,0.518,0.43,-10.089,118.539
0.722,0,0.119,0.904,0.517,0.0147,-7.287,96.999
0.619,0,0.00701,0.578,0.866,0.0,-3.804,128.038
0.343,0,0.00173,0.472,0.844,0.0,-6.578,140.034
0.489,0,0.0283,0.421,0.831,0.0,-5.128,134.027
0.577,0,8.39e-05,0.467,0.794,0.00204,-6.174,162.435
0.701,0,0.000797,0.48,0.826,1.01e-06,-4.602,96.0
0.646,0,0.00059,0.594,0.858,3.11e-06,-4.339,138.021
0.821,0,0.000366,0.544,0.788,0.0,-5.593,148.121
0.428,0,0.00749,0.446,0.881,0.0,-4.368,169.889
0.628,0,0.0019,0.551,0.732,0.0,-6.081,145.107
0.714,0,0.51,0.63,0.772,2.26e-05,-6.986,99.964
0.129,0,0.0202,0.333,0.913,0.0,-3.722,99.889
0.186,0,0.00363,0.743,0.889,0.143,-5.567,103.963
0.554,0,0.00087,0.465,0.953,0.0146,-4.684,160.064
0.26,0,0.0316,0.68,0.725,1.81e-05,-3.92,140.048
0.257,0,0.00499,0.619,0.949,0.000418,-4.64,149.935
0.362,0,0.0935,0.52,0.809,0.0035,-4.18,170.032
0.266,0,0.00262,0.484,0.609,0.0,-5.652,131.049
0.321,0,0.0301,0.583,0.891,3.25e-06,-3.495,149.843
0.311,0,0.000461,0.562,0.96,0.0383,-2.981,159.927
0.183,0,0.0969,0.595,0.975,0.0,-2.339,150.001
0.108,0,0.0216,0.526,0.825,1.39e-06,-3.506,150.181
0.307,0,0.178,0.501,0.683,2.7e-06,-4.261,154.901
0.494,0,0.00217,0.639,0.978,0.112,-2.376,144.986
0.589,0,0.0541,0.646,0.714,0.0,-6.511,97.957
0.331,0,0.00499,0.595,0.837,0.0359,-6.011,149.964
0.442,0,0.00231,0.624,0.971,0.121,-0.935,102.003
0.327,0,0.000586,0.528,0.879,0.00489,-5.891,128.268
0.211,0,0.00106,0.584,0.932,0.00269,-3.501,74.976
0.867,0,0.0877,0.894,0.892,0.00167,-2.663,110.041
0.47,0,0.00857,0.637,0.935,0.00399,-2.467,150.082
0.623,0,0.00164,0.557,0.992,0.677,-2.735,150.011
0.402,0,0.00281,0.446,0.915,3.87e-05,-6.221,190.013
